,ds,y
0,2024-02-01 20:00:00,3.0
1,2024-02-01 20:05:00,12.0
2,2024-02-01 20:10:00,13.0
3,2024-02-01 20:15:00,9.0
4,2024-02-01 20:20:00,19.0
5,2024-02-01 20:25:00,8.0
6,2024-02-01 20:30:00,22.0
7,2024-02-01 20:35:00,13.0
8,2024-02-01 20:40:00,13.0
9,2024-02-01 20:45:00,11.0
10,2024-02-01 20:50:00,19.0
11,2024-02-01 20:55:00,20.0
12,2024-02-01 21:00:00,9.0
13,2024-02-01 21:05:00,15.0
14,2024-02-01 21:10:00,9.0
15,2024-02-01 21:15:00,5.0
16,2024-02-01 21:20:00,11.0
17,2024-02-01 21:25:00,10.0
18,2024-02-01 21:30:00,9.0
19,2024-02-01 21:35:00,10.0
20,2024-02-01 21:40:00,9.0
21,2024-02-01 21:45:00,4.0
22,2024-02-01 21:50:00,2.0
23,2024-02-01 21:55:00,9.0
24,2024-02-01 22:00:00,2.0
25,2024-02-02 08:05:00,2.0
26,2024-02-02 08:10:00,3.0
27,2024-02-02 08:15:00,2.0
28,2024-02-02 08:35:00,1.0
29,2024-02-02 08:40:00,3.0
30,2024-02-02 08:45:00,4.0
31,2024-02-02 08:50:00,2.0
32,2024-02-02 08:55:00,3.0
33,2024-02-02 09:00:00,5.0
34,2024-02-02 09:05:00,11.0
35,2024-02-02 09:10:00,21.0
36,2024-02-02 09:15:00,18.0
37,2024-02-02 09:20:00,18.0
38,2024-02-02 09:25:00,9.0
39,2024-02-02 09:30:00,12.0
40,2024-02-02 09:35:00,7.0
41,2024-02-02 09:40:00,8.0
42,2024-02-02 09:45:00,4.0
43,2024-02-02 09:50:00,1.0
44,2024-02-02 09:55:00,2.0
45,2024-02-02 10:00:00,4.0
46,2024-02-02 10:05:00,7.0
47,2024-02-02 10:10:00,3.0
48,2024-02-02 10:15:00,5.0
49,2024-02-02 10:20:00,2.0
50,2024-02-02 12:30:00,9.0
51,2024-02-02 12:35:00,13.0
52,2024-02-02 12:40:00,15.0
53,2024-02-02 12:45:00,24.0
54,2024-02-02 12:50:00,6.0
55,2024-02-02 12:55:00,4.0
56,2024-02-02 13:00:00,1.0
57,2024-02-02 13:05:00,14.0
58,2024-02-02 13:10:00,16.0
59,2024-02-02 13:15:00,5.0
60,2024-02-02 13:20:00,9.0
61,2024-02-02 13:25:00,12.0
62,2024-02-02 13:30:00,24.0
63,2024-02-02 13:35:00,19.0
64,2024-02-02 13:40:00,10.0
65,2024-02-02 13:45:00,24.0
66,2024-02-02 13:50:00,17.0
67,2024-02-02 13:55:00,16.0
68,2024-02-02 14:00:00,14.0
69,2024-02-02 14:05:00,17.0
70,2024-02-02 14:10:00,9.0
71,2024-02-02 14:15:00,6.0
72,2024-02-02 14:20:00,6.0
73,2024-02-02 14:25:00,2.0
74,2024-02-02 17:00:00,6.0
75,2024-02-02 17:05:00,1.0
76,2024-02-02 17:10:00,3.0
77,2024-02-02 17:15:00,5.0
78,2024-02-02 17:20:00,6.0
79,2024-02-02 17:25:00,10.0
80,2024-02-02 17:30:00,5.0
81,2024-02-02 17:35:00,12.0
82,2024-02-02 17:40:00,9.0
83,2024-02-02 17:45:00,8.0
84,2024-02-02 17:50:00,5.0
85,2024-02-02 17:55:00,3.0
86,2024-02-02 18:00:00,1.0
87,2024-02-02 18:05:00,1.0
88,2024-02-02 18:10:00,3.0
89,2024-02-02 20:00:00,13.0
90,2024-02-02 20:05:00,11.0
91,2024-02-02 20:10:00,27.0
92,2024-02-02 20:15:00,28.0
93,2024-02-02 20:20:00,15.0
94,2024-02-02 20:25:00,21.0
95,2024-02-02 20:30:00,18.0
96,2024-02-02 20:35:00,13.0
97,2024-02-02 20:40:00,11.0
98,2024-02-02 20:45:00,14.0
99,2024-02-02 20:50:00,11.0
100,2024-02-02 20:55:00,15.0
101,2024-02-02 21:00:00,16.0
102,2024-02-02 21:05:00,18.0
103,2024-02-02 21:10:00,21.0
104,2024-02-02 21:15:00,17.0
105,2024-02-02 21:20:00,15.0
106,2024-02-02 21:25:00,5.0
107,2024-02-02 21:30:00,2.0
108,2024-02-02 21:35:00,6.0
109,2024-02-02 21:40:00,7.0
110,2024-02-02 21:45:00,17.0
111,2024-02-02 21:50:00,7.0
112,2024-02-02 21:55:00,4.0
113,2024-02-02 22:00:00,3.0
114,2024-02-02 22:05:00,4.0
115,2024-02-03 08:05:00,1.0
116,2024-02-03 08:10:00,1.0
117,2024-02-03 08:15:00,2.0
118,2024-02-03 08:25:00,3.0
119,2024-02-03 08:30:00,1.0
120,2024-02-03 08:35:00,3.0
121,2024-02-03 08:40:00,4.0
122,2024-02-03 08:45:00,6.0
123,2024-02-03 08:50:00,6.0
124,2024-02-03 08:55:00,5.0
125,2024-02-03 09:00:00,3.0
126,2024-02-03 09:05:00,3.0
127,2024-02-03 09:15:00,3.0
128,2024-02-03 09:20:00,6.0
129,2024-02-03 09:25:00,14.0
130,2024-02-03 09:30:00,4.0
131,2024-02-03 09:35:00,8.0
132,2024-02-03 09:40:00,5.0
133,2024-02-03 09:45:00,6.0
134,2024-02-03 09:50:00,8.0
135,2024-02-03 09:55:00,9.0
136,2024-02-03 10:00:00,6.0
137,2024-02-03 10:05:00,12.0
138,2024-02-03 10:10:00,6.0
139,2024-02-03 10:15:00,4.0
140,2024-02-03 10:20:00,2.0
141,2024-02-03 12:25:00,2.0
142,2024-02-03 12:30:00,4.0
143,2024-02-03 12:35:00,14.0
144,2024-02-03 12:40:00,13.0
145,2024-02-03 12:45:00,18.0
146,2024-02-03 12:50:00,16.0
147,2024-02-03 12:55:00,4.0
148,2024-02-03 13:00:00,11.0
149,2024-02-03 13:05:00,21.0
150,2024-02-03 13:10:00,17.0
151,2024-02-03 13:15:00,11.0
152,2024-02-03 13:20:00,22.0
153,2024-02-03 13:25:00,16.0
154,2024-02-03 13:30:00,15.0
155,2024-02-03 13:35:00,15.0
156,2024-02-03 13:40:00,12.0
157,2024-02-03 13:45:00,13.0
158,2024-02-03 13:50:00,11.0
159,2024-02-03 13:55:00,25.0
160,2024-02-03 14:00:00,18.0
161,2024-02-03 14:05:00,9.0
162,2024-02-03 14:10:00,14.0
163,2024-02-03 14:15:00,14.0
164,2024-02-03 14:20:00,8.0
165,2024-02-03 14:25:00,5.0
166,2024-02-03 14:30:00,3.0
167,2024-02-03 17:00:00,15.0
168,2024-02-03 17:05:00,9.0
169,2024-02-03 17:10:00,9.0
170,2024-02-03 17:15:00,3.0
171,2024-02-03 17:20:00,5.0
172,2024-02-03 17:25:00,11.0
173,2024-02-03 17:30:00,7.0
174,2024-02-03 17:35:00,10.0
175,2024-02-03 17:40:00,6.0
176,2024-02-03 17:45:00,8.0
177,2024-02-03 17:50:00,16.0
178,2024-02-03 17:55:00,11.0
179,2024-02-03 18:00:00,5.0
180,2024-02-03 18:10:00,1.0
181,2024-02-03 20:00:00,6.0
182,2024-02-03 20:05:00,14.0
183,2024-02-03 20:10:00,11.0
184,2024-02-03 20:15:00,20.0
185,2024-02-03 20:20:00,19.0
186,2024-02-03 20:25:00,13.0
187,2024-02-03 20:30:00,19.0
188,2024-02-03 20:35:00,5.0
189,2024-02-03 20:40:00,15.0
190,2024-02-03 20:45:00,7.0
191,2024-02-03 20:50:00,17.0
192,2024-02-03 20:55:00,19.0
193,2024-02-03 21:00:00,12.0
194,2024-02-03 21:05:00,25.0
195,2024-02-03 21:10:00,23.0
196,2024-02-03 21:15:00,15.0
197,2024-02-03 21:20:00,4.0
198,2024-02-04 08:30:00,2.0
199,2024-02-04 08:35:00,1.0
200,2024-02-04 08:40:00,1.0
201,2024-02-04 08:45:00,6.0
202,2024-02-04 08:50:00,5.0
203,2024-02-04 08:55:00,5.0
204,2024-02-04 09:00:00,3.0
205,2024-02-04 09:05:00,3.0
206,2024-02-04 09:10:00,9.0
207,2024-02-04 09:15:00,3.0
208,2024-02-04 09:20:00,13.0
209,2024-02-04 09:25:00,8.0
210,2024-02-04 09:30:00,8.0
211,2024-02-04 09:35:00,11.0
212,2024-02-04 09:40:00,22.0
213,2024-02-04 09:45:00,9.0
214,2024-02-04 09:50:00,6.0
215,2024-02-04 09:55:00,8.0
216,2024-02-04 10:00:00,10.0
217,2024-02-04 10:05:00,9.0
218,2024-02-04 10:10:00,11.0
219,2024-02-04 10:15:00,10.0
220,2024-02-04 10:20:00,13.0
221,2024-02-04 10:25:00,7.0
222,2024-02-04 10:30:00,1.0
223,2024-02-04 12:30:00,2.0
224,2024-02-04 12:35:00,4.0
225,2024-02-04 12:40:00,13.0
226,2024-02-04 12:45:00,10.0
227,2024-02-04 12:50:00,17.0
228,2024-02-04 12:55:00,13.0
229,2024-02-04 13:00:00,13.0
230,2024-02-04 13:05:00,9.0
231,2024-02-04 13:10:00,21.0
232,2024-02-04 13:15:00,27.0
233,2024-02-04 13:20:00,11.0
234,2024-02-04 13:25:00,11.0
235,2024-02-04 13:30:00,21.0
236,2024-02-04 13:35:00,16.0
237,2024-02-04 13:40:00,12.0
238,2024-02-04 13:45:00,17.0
239,2024-02-04 13:50:00,9.0
240,2024-02-04 13:55:00,16.0
241,2024-02-04 14:00:00,10.0
242,2024-02-04 14:05:00,8.0
243,2024-02-04 14:10:00,20.0
244,2024-02-04 14:15:00,8.0
245,2024-02-04 14:20:00,5.0
246,2024-02-04 14:25:00,8.0
247,2024-02-04 14:30:00,2.0
248,2024-02-04 14:35:00,1.0
249,2024-02-04 14:40:00,6.0
250,2024-02-04 17:00:00,12.0
251,2024-02-04 17:05:00,6.0
252,2024-02-04 17:10:00,8.0
253,2024-02-04 17:15:00,9.0
254,2024-02-04 17:20:00,13.0
255,2024-02-04 17:25:00,9.0
256,2024-02-04 17:30:00,5.0
257,2024-02-04 17:35:00,6.0
258,2024-02-04 17:40:00,12.0
259,2024-02-04 17:45:00,11.0
260,2024-02-04 17:50:00,3.0
261,2024-02-04 17:55:00,8.0
262,2024-02-04 18:00:00,1.0
263,2024-02-04 18:05:00,1.0
264,2024-02-04 18:10:00,1.0
265,2024-02-04 20:00:00,5.0
266,2024-02-04 20:05:00,20.0
267,2024-02-04 20:10:00,27.0
268,2024-02-04 20:15:00,27.0
269,2024-02-04 20:20:00,16.0
270,2024-02-04 20:25:00,18.0
271,2024-02-04 20:30:00,14.0
272,2024-02-04 20:35:00,16.0
273,2024-02-04 20:40:00,9.0
274,2024-02-04 20:45:00,21.0
275,2024-02-04 20:50:00,13.0
276,2024-02-04 20:55:00,7.0
277,2024-02-04 21:00:00,18.0
278,2024-02-04 21:05:00,9.0
279,2024-02-04 21:10:00,11.0
280,2024-02-04 21:15:00,3.0
281,2024-02-04 21:20:00,6.0
282,2024-02-04 21:25:00,11.0
283,2024-02-04 21:30:00,20.0
284,2024-02-04 21:35:00,5.0
285,2024-02-04 21:40:00,6.0
286,2024-02-04 21:45:00,4.0
287,2024-02-04 21:50:00,11.0
288,2024-02-04 21:55:00,4.0
289,2024-02-04 22:00:00,1.0
290,2024-02-05 08:00:00,1.0
291,2024-02-05 08:05:00,5.0
292,2024-02-05 08:10:00,11.0
293,2024-02-05 08:15:00,11.0
294,2024-02-05 08:20:00,9.0
295,2024-02-05 08:25:00,8.0
296,2024-02-05 08:30:00,5.0
297,2024-02-05 08:35:00,3.0
298,2024-02-05 08:40:00,5.0
299,2024-02-05 08:45:00,3.0
300,2024-02-05 08:50:00,3.0
301,2024-02-05 08:55:00,4.0
302,2024-02-05 09:00:00,5.0
303,2024-02-05 09:05:00,9.0
304,2024-02-05 09:10:00,16.0
305,2024-02-05 09:15:00,9.0
306,2024-02-05 09:20:00,11.0
307,2024-02-05 09:25:00,11.0
308,2024-02-05 09:30:00,10.0
309,2024-02-05 09:35:00,17.0
310,2024-02-05 09:40:00,10.0
311,2024-02-05 09:45:00,12.0
312,2024-02-05 09:50:00,5.0
313,2024-02-05 09:55:00,11.0
314,2024-02-05 10:00:00,9.0
315,2024-02-05 10:05:00,8.0
316,2024-02-05 10:10:00,11.0
317,2024-02-05 10:15:00,10.0
318,2024-02-05 10:20:00,2.0
319,2024-02-05 10:40:00,2.0
320,2024-02-05 12:30:00,14.0
321,2024-02-05 12:35:00,19.0
322,2024-02-05 12:40:00,12.0
323,2024-02-05 12:45:00,13.0
324,2024-02-05 12:50:00,9.0
325,2024-02-05 12:55:00,9.0
326,2024-02-05 13:00:00,6.0
327,2024-02-05 13:05:00,9.0
328,2024-02-05 13:10:00,11.0
329,2024-02-05 13:15:00,13.0
330,2024-02-05 13:20:00,5.0
331,2024-02-05 13:25:00,5.0
332,2024-02-05 13:30:00,23.0
333,2024-02-05 13:35:00,21.0
334,2024-02-05 13:40:00,21.0
335,2024-02-05 13:45:00,17.0
336,2024-02-05 13:50:00,24.0
337,2024-02-05 13:55:00,16.0
338,2024-02-05 14:00:00,19.0
339,2024-02-05 14:05:00,14.0
340,2024-02-05 14:10:00,18.0
341,2024-02-05 14:15:00,10.0
342,2024-02-05 14:20:00,6.0
343,2024-02-05 14:25:00,6.0
344,2024-02-05 14:30:00,4.0
345,2024-02-05 17:05:00,12.0
346,2024-02-05 17:10:00,5.0
347,2024-02-05 17:15:00,5.0
348,2024-02-05 17:20:00,4.0
349,2024-02-05 17:25:00,9.0
350,2024-02-05 17:30:00,5.0
351,2024-02-05 17:35:00,18.0
352,2024-02-05 17:40:00,15.0
353,2024-02-05 17:45:00,9.0
354,2024-02-05 17:50:00,7.0
355,2024-02-05 17:55:00,1.0
356,2024-02-05 18:00:00,3.0
357,2024-02-05 20:00:00,9.0
358,2024-02-05 20:05:00,20.0
359,2024-02-05 20:10:00,28.0
360,2024-02-05 20:15:00,24.0
361,2024-02-05 20:20:00,22.0
362,2024-02-05 20:25:00,24.0
363,2024-02-05 20:30:00,15.0
364,2024-02-05 20:35:00,10.0
365,2024-02-05 20:40:00,10.0
366,2024-02-05 20:45:00,13.0
367,2024-02-05 20:50:00,18.0
368,2024-02-05 20:55:00,20.0
369,2024-02-05 21:00:00,15.0
370,2024-02-05 21:05:00,16.0
371,2024-02-05 21:10:00,18.0
372,2024-02-05 21:15:00,15.0
373,2024-02-05 21:20:00,15.0
374,2024-02-05 21:25:00,3.0
375,2024-02-05 21:30:00,9.0
376,2024-02-05 21:35:00,12.0
377,2024-02-05 21:40:00,6.0
378,2024-02-05 21:45:00,4.0
379,2024-02-05 21:50:00,9.0
380,2024-02-05 21:55:00,3.0
381,2024-02-05 22:00:00,2.0
382,2024-02-05 22:05:00,1.0
383,2024-02-06 08:00:00,6.0
384,2024-02-06 08:05:00,15.0
385,2024-02-06 08:10:00,20.0
386,2024-02-06 08:15:00,18.0
387,2024-02-06 08:20:00,12.0
388,2024-02-06 08:25:00,6.0
389,2024-02-06 08:30:00,3.0
390,2024-02-06 08:35:00,3.0
391,2024-02-06 08:40:00,4.0
392,2024-02-06 08:45:00,2.0
393,2024-02-06 08:50:00,2.0
394,2024-02-06 09:00:00,10.0
395,2024-02-06 09:05:00,7.0
396,2024-02-06 09:10:00,13.0
397,2024-02-06 09:15:00,10.0
398,2024-02-06 09:20:00,10.0
399,2024-02-06 09:25:00,5.0
400,2024-02-06 09:30:00,7.0
401,2024-02-06 09:35:00,20.0
402,2024-02-06 09:40:00,9.0
403,2024-02-06 09:45:00,10.0
404,2024-02-06 09:50:00,12.0
405,2024-02-06 09:55:00,12.0
406,2024-02-06 10:00:00,10.0
407,2024-02-06 10:05:00,9.0
408,2024-02-06 10:10:00,1.0
409,2024-02-06 10:15:00,1.0
410,2024-02-06 10:20:00,2.0
411,2024-02-06 10:35:00,1.0
412,2024-02-06 12:30:00,5.0
413,2024-02-06 12:35:00,14.0
414,2024-02-06 12:40:00,13.0
415,2024-02-06 12:45:00,17.0
416,2024-02-06 12:50:00,27.0
417,2024-02-06 12:55:00,8.0
418,2024-02-06 13:00:00,5.0
419,2024-02-06 13:05:00,9.0
420,2024-02-06 13:10:00,7.0
421,2024-02-06 13:15:00,14.0
422,2024-02-06 13:20:00,12.0
423,2024-02-06 13:25:00,6.0
424,2024-02-06 13:30:00,5.0
425,2024-02-06 13:35:00,7.0
426,2024-02-06 13:40:00,13.0
427,2024-02-06 13:45:00,21.0
428,2024-02-06 13:50:00,11.0
429,2024-02-06 13:55:00,18.0
430,2024-02-06 14:00:00,8.0
431,2024-02-06 14:05:00,16.0
432,2024-02-06 14:10:00,21.0
433,2024-02-06 14:15:00,11.0
434,2024-02-06 14:20:00,9.0
435,2024-02-06 14:25:00,5.0
436,2024-02-06 14:30:00,5.0
437,2024-02-06 14:35:00,1.0
438,2024-02-06 17:05:00,3.0
439,2024-02-06 17:10:00,4.0
440,2024-02-06 17:15:00,16.0
441,2024-02-06 17:20:00,13.0
442,2024-02-06 17:25:00,17.0
443,2024-02-06 17:30:00,5.0
444,2024-02-06 17:35:00,9.0
445,2024-02-06 17:40:00,18.0
446,2024-02-06 17:45:00,7.0
447,2024-02-06 17:50:00,4.0
448,2024-02-06 17:55:00,1.0
449,2024-02-06 18:00:00,3.0
450,2024-02-06 20:00:00,15.0
451,2024-02-06 20:05:00,17.0
452,2024-02-06 20:10:00,15.0
453,2024-02-06 20:15:00,29.0
454,2024-02-06 20:20:00,27.0
455,2024-02-06 20:25:00,13.0
456,2024-02-06 20:30:00,7.0
457,2024-02-06 20:35:00,21.0
458,2024-02-06 20:40:00,7.0
459,2024-02-06 20:45:00,16.0
460,2024-02-06 20:50:00,21.0
461,2024-02-06 20:55:00,8.0
462,2024-02-06 21:00:00,12.0
463,2024-02-06 21:05:00,9.0
464,2024-02-06 21:10:00,2.0
465,2024-02-06 21:15:00,7.0
466,2024-02-06 21:20:00,13.0
467,2024-02-06 21:25:00,3.0
468,2024-02-06 21:30:00,11.0
469,2024-02-06 21:35:00,17.0
470,2024-02-06 21:40:00,8.0
471,2024-02-06 21:45:00,7.0
472,2024-02-06 21:50:00,5.0
473,2024-02-06 21:55:00,8.0
474,2024-02-06 22:00:00,7.0
475,2024-02-06 22:05:00,2.0
476,2024-02-06 22:10:00,1.0
477,2024-02-06 22:15:00,1.0
478,2024-02-06 22:20:00,4.0
479,2024-02-07 07:55:00,1.0
480,2024-02-07 08:00:00,4.0
481,2024-02-07 08:05:00,16.0
482,2024-02-07 08:10:00,11.0
483,2024-02-07 08:15:00,11.0
484,2024-02-07 08:20:00,9.0
485,2024-02-07 08:25:00,5.0
486,2024-02-07 08:45:00,4.0
487,2024-02-07 08:50:00,3.0
488,2024-02-07 08:55:00,6.0
489,2024-02-07 09:00:00,4.0
490,2024-02-07 09:05:00,10.0
491,2024-02-07 09:10:00,13.0
492,2024-02-07 09:15:00,13.0
493,2024-02-07 09:20:00,12.0
494,2024-02-07 09:25:00,14.0
495,2024-02-07 09:30:00,4.0
496,2024-02-07 09:35:00,7.0
497,2024-02-07 09:40:00,5.0
498,2024-02-07 09:45:00,8.0
499,2024-02-07 09:50:00,2.0
500,2024-02-07 09:55:00,4.0
501,2024-02-07 10:00:00,7.0
502,2024-02-07 10:05:00,8.0
503,2024-02-07 10:10:00,6.0
504,2024-02-07 10:15:00,6.0
505,2024-02-07 10:20:00,2.0
506,2024-02-07 12:30:00,21.0
507,2024-02-07 12:50:00,5.0
508,2024-02-07 12:55:00,16.0
509,2024-02-07 13:00:00,7.0
510,2024-02-07 13:05:00,11.0
511,2024-02-07 13:10:00,21.0
512,2024-02-07 13:15:00,13.0
513,2024-02-07 13:20:00,8.0
514,2024-02-07 13:25:00,16.0
515,2024-02-07 13:30:00,19.0
516,2024-02-07 13:35:00,17.0
517,2024-02-07 13:40:00,16.0
518,2024-02-07 13:45:00,16.0
519,2024-02-07 13:50:00,21.0
520,2024-02-07 13:55:00,17.0
521,2024-02-07 14:00:00,16.0
522,2024-02-07 14:05:00,16.0
523,2024-02-07 14:10:00,9.0
524,2024-02-07 14:15:00,16.0
525,2024-02-07 14:20:00,5.0
526,2024-02-07 14:25:00,1.0
527,2024-02-07 14:30:00,1.0
528,2024-02-07 14:35:00,2.0
529,2024-02-07 17:00:00,24.0
530,2024-02-07 17:05:00,8.0
531,2024-02-07 17:10:00,15.0
532,2024-02-07 17:15:00,6.0
533,2024-02-07 17:20:00,11.0
534,2024-02-07 17:25:00,4.0
535,2024-02-07 17:30:00,4.0
536,2024-02-07 17:35:00,16.0
537,2024-02-07 17:40:00,15.0
538,2024-02-07 17:45:00,8.0
539,2024-02-07 17:50:00,2.0
540,2024-02-07 17:55:00,2.0
541,2024-02-07 18:00:00,5.0
542,2024-02-07 18:05:00,3.0
543,2024-02-07 20:00:00,3.0
544,2024-02-07 20:05:00,26.0
545,2024-02-07 20:10:00,24.0
546,2024-02-07 20:15:00,24.0
547,2024-02-07 20:20:00,17.0
548,2024-02-07 20:25:00,21.0
549,2024-02-07 20:30:00,13.0
550,2024-02-07 20:35:00,10.0
551,2024-02-07 20:40:00,1.0
552,2024-02-07 20:45:00,9.0
553,2024-02-07 20:50:00,16.0
554,2024-02-07 20:55:00,17.0
555,2024-02-07 21:00:00,17.0
556,2024-02-07 21:05:00,12.0
557,2024-02-07 21:10:00,7.0
558,2024-02-07 21:15:00,14.0
559,2024-02-07 21:20:00,16.0
560,2024-02-07 21:25:00,12.0
561,2024-02-07 21:30:00,5.0
562,2024-02-07 21:35:00,7.0
563,2024-02-07 21:40:00,11.0
564,2024-02-07 21:45:00,9.0
565,2024-02-07 21:50:00,13.0
566,2024-02-07 21:55:00,8.0
567,2024-02-07 22:00:00,8.0
568,2024-02-07 22:05:00,2.0
569,2024-02-07 22:25:00,1.0
570,2024-02-08 08:00:00,1.0
571,2024-02-08 08:05:00,5.0
572,2024-02-08 08:10:00,10.0
573,2024-02-08 08:15:00,8.0
574,2024-02-08 08:20:00,5.0
575,2024-02-08 08:25:00,3.0
576,2024-02-08 08:30:00,7.0
577,2024-02-08 08:35:00,1.0
578,2024-02-08 08:40:00,3.0
579,2024-02-08 08:45:00,5.0
580,2024-02-08 08:50:00,5.0
581,2024-02-08 08:55:00,4.0
582,2024-02-08 09:00:00,8.0
583,2024-02-08 09:05:00,18.0
584,2024-02-08 09:10:00,26.0
585,2024-02-08 09:15:00,18.0
586,2024-02-08 09:20:00,17.0
587,2024-02-08 09:25:00,12.0
588,2024-02-08 09:30:00,12.0
589,2024-02-08 09:35:00,4.0
590,2024-02-08 09:40:00,8.0
591,2024-02-08 09:45:00,3.0
592,2024-02-08 09:50:00,8.0
593,2024-02-08 09:55:00,9.0
594,2024-02-08 10:00:00,13.0
595,2024-02-08 10:05:00,13.0
596,2024-02-08 10:10:00,7.0
597,2024-02-08 10:15:00,6.0
598,2024-02-08 10:20:00,1.0
599,2024-02-08 12:30:00,15.0
600,2024-02-08 12:35:00,23.0
601,2024-02-08 12:40:00,19.0
602,2024-02-08 12:45:00,5.0
603,2024-02-08 12:50:00,8.0
604,2024-02-08 12:55:00,17.0
605,2024-02-08 13:00:00,6.0
606,2024-02-08 13:05:00,13.0
607,2024-02-08 13:10:00,8.0
608,2024-02-08 13:15:00,15.0
609,2024-02-08 13:20:00,11.0
610,2024-02-08 13:25:00,11.0
611,2024-02-08 13:30:00,11.0
612,2024-02-08 13:35:00,24.0
613,2024-02-08 13:40:00,28.0
614,2024-02-08 13:45:00,21.0
615,2024-02-08 13:50:00,24.0
616,2024-02-08 13:55:00,9.0
617,2024-02-08 14:00:00,14.0
618,2024-02-08 14:05:00,16.0
619,2024-02-08 14:10:00,13.0
620,2024-02-08 14:15:00,15.0
621,2024-02-08 14:20:00,6.0
622,2024-02-08 14:25:00,6.0
623,2024-02-08 14:30:00,3.0
624,2024-02-08 17:00:00,5.0
625,2024-02-08 17:05:00,10.0
626,2024-02-08 17:10:00,6.0
627,2024-02-08 17:15:00,6.0
628,2024-02-08 17:20:00,1.0
629,2024-02-08 17:25:00,8.0
630,2024-02-08 17:30:00,27.0
631,2024-02-08 17:35:00,25.0
632,2024-02-08 17:40:00,15.0
633,2024-02-08 17:45:00,18.0
634,2024-02-08 17:50:00,8.0
635,2024-02-08 17:55:00,7.0
636,2024-02-08 18:00:00,4.0
637,2024-02-08 18:05:00,4.0
638,2024-02-08 18:10:00,1.0
639,2024-02-08 20:00:00,6.0
640,2024-02-08 20:05:00,17.0
641,2024-02-08 20:10:00,24.0
642,2024-02-08 20:15:00,15.0
643,2024-02-08 20:20:00,13.0
644,2024-02-08 20:25:00,25.0
645,2024-02-08 20:30:00,15.0
646,2024-02-08 20:35:00,11.0
647,2024-02-08 20:40:00,22.0
648,2024-02-08 20:45:00,13.0
649,2024-02-08 20:50:00,13.0
650,2024-02-08 20:55:00,14.0
651,2024-02-08 21:00:00,20.0
652,2024-02-08 21:05:00,9.0
653,2024-02-08 21:10:00,14.0
654,2024-02-08 21:15:00,11.0
655,2024-02-08 21:20:00,15.0
656,2024-02-08 21:25:00,10.0
657,2024-02-08 21:30:00,5.0
658,2024-02-08 21:35:00,6.0
659,2024-02-08 21:40:00,11.0
660,2024-02-08 21:45:00,6.0
661,2024-02-08 21:50:00,1.0
662,2024-02-08 21:55:00,7.0
663,2024-02-08 22:05:00,2.0
664,2024-02-09 08:00:00,4.0
665,2024-02-09 08:05:00,3.0
666,2024-02-09 08:10:00,4.0
667,2024-02-09 08:15:00,10.0
668,2024-02-09 08:20:00,2.0
669,2024-02-09 08:30:00,4.0
670,2024-02-09 08:35:00,7.0
671,2024-02-09 08:40:00,1.0
672,2024-02-09 08:45:00,1.0
673,2024-02-09 08:50:00,5.0
674,2024-02-09 08:55:00,8.0
675,2024-02-09 09:00:00,9.0
676,2024-02-09 09:05:00,24.0
677,2024-02-09 09:10:00,17.0
678,2024-02-09 09:15:00,20.0
679,2024-02-09 09:20:00,18.0
680,2024-02-09 09:25:00,7.0
681,2024-02-09 09:30:00,6.0
682,2024-02-09 09:35:00,7.0
683,2024-02-09 09:40:00,5.0
684,2024-02-09 09:45:00,9.0
685,2024-02-09 09:50:00,8.0
686,2024-02-09 09:55:00,9.0
687,2024-02-09 10:00:00,3.0
688,2024-02-09 10:05:00,6.0
689,2024-02-09 10:10:00,9.0
690,2024-02-09 10:15:00,2.0
691,2024-02-09 10:20:00,5.0
692,2024-02-09 10:25:00,5.0
693,2024-02-09 10:30:00,4.0
694,2024-02-09 10:35:00,4.0
695,2024-02-09 10:40:00,1.0
696,2024-02-09 12:25:00,1.0
697,2024-02-09 12:30:00,17.0
698,2024-02-09 12:35:00,16.0
699,2024-02-09 12:40:00,8.0
700,2024-02-09 12:45:00,5.0
701,2024-02-09 12:50:00,14.0
702,2024-02-09 12:55:00,2.0
703,2024-02-09 13:00:00,10.0
704,2024-02-09 13:05:00,15.0
705,2024-02-09 13:10:00,15.0
706,2024-02-09 13:15:00,6.0
707,2024-02-09 13:20:00,4.0
708,2024-02-09 13:25:00,17.0
709,2024-02-09 13:30:00,17.0
710,2024-02-09 13:35:00,12.0
711,2024-02-09 13:40:00,11.0
712,2024-02-09 13:45:00,15.0
713,2024-02-09 13:50:00,14.0
714,2024-02-09 13:55:00,16.0
715,2024-02-09 14:00:00,16.0
716,2024-02-09 14:05:00,9.0
717,2024-02-09 14:10:00,11.0
718,2024-02-09 14:15:00,6.0
719,2024-02-09 14:20:00,6.0
720,2024-02-09 14:25:00,8.0
721,2024-02-09 14:35:00,1.0
722,2024-02-09 17:00:00,6.0
723,2024-02-09 17:05:00,3.0
724,2024-02-09 17:10:00,3.0
725,2024-02-09 17:15:00,9.0
726,2024-02-09 17:20:00,7.0
727,2024-02-09 17:25:00,3.0
728,2024-02-09 17:30:00,6.0
729,2024-02-09 17:35:00,15.0
730,2024-02-09 17:40:00,5.0
731,2024-02-09 17:45:00,4.0
732,2024-02-09 17:50:00,3.0
733,2024-02-09 17:55:00,1.0
734,2024-02-09 18:00:00,2.0
735,2024-02-09 20:00:00,11.0
736,2024-02-09 20:05:00,14.0
737,2024-02-09 20:10:00,25.0
738,2024-02-09 20:15:00,19.0
739,2024-02-09 20:20:00,23.0
740,2024-02-09 20:25:00,11.0
741,2024-02-09 20:30:00,19.0
742,2024-02-09 20:35:00,8.0
743,2024-02-09 20:40:00,10.0
744,2024-02-09 20:45:00,19.0
745,2024-02-09 20:50:00,15.0
746,2024-02-09 20:55:00,17.0
747,2024-02-09 21:00:00,11.0
748,2024-02-09 21:05:00,25.0
749,2024-02-09 21:10:00,16.0
750,2024-02-09 21:15:00,6.0
751,2024-02-09 21:20:00,26.0
752,2024-02-09 21:25:00,11.0
753,2024-02-09 21:30:00,13.0
754,2024-02-09 21:35:00,8.0
755,2024-02-09 21:40:00,3.0
756,2024-02-09 21:45:00,5.0
757,2024-02-09 21:50:00,6.0
758,2024-02-09 21:55:00,2.0
759,2024-02-10 08:05:00,2.0
760,2024-02-10 08:10:00,1.0
761,2024-02-10 08:15:00,3.0
762,2024-02-10 08:20:00,2.0
763,2024-02-10 08:25:00,3.0
764,2024-02-10 08:30:00,3.0
765,2024-02-10 08:35:00,3.0
766,2024-02-10 08:40:00,5.0
767,2024-02-10 08:45:00,7.0
768,2024-02-10 08:50:00,2.0
769,2024-02-10 08:55:00,6.0
770,2024-02-10 09:00:00,6.0
771,2024-02-10 09:05:00,6.0
772,2024-02-10 09:10:00,5.0
773,2024-02-10 09:15:00,6.0
774,2024-02-10 09:20:00,11.0
775,2024-02-10 09:25:00,10.0
776,2024-02-10 09:30:00,4.0
777,2024-02-10 09:35:00,10.0
778,2024-02-10 09:40:00,4.0
779,2024-02-10 09:45:00,12.0
780,2024-02-10 09:50:00,8.0
781,2024-02-10 09:55:00,17.0
782,2024-02-10 10:00:00,12.0
783,2024-02-10 10:05:00,9.0
784,2024-02-10 10:10:00,9.0
785,2024-02-10 10:15:00,5.0
786,2024-02-10 10:20:00,4.0
787,2024-02-10 10:25:00,3.0
788,2024-02-10 12:30:00,16.0
789,2024-02-10 12:35:00,17.0
790,2024-02-10 12:40:00,7.0
791,2024-02-10 12:45:00,19.0
792,2024-02-10 12:50:00,10.0
793,2024-02-10 12:55:00,8.0
794,2024-02-10 13:00:00,12.0
795,2024-02-10 13:05:00,13.0
796,2024-02-10 13:10:00,14.0
797,2024-02-10 13:15:00,13.0
798,2024-02-10 13:20:00,11.0
799,2024-02-10 13:25:00,14.0
800,2024-02-10 13:30:00,17.0
801,2024-02-10 13:35:00,26.0
802,2024-02-10 13:40:00,23.0
803,2024-02-10 13:45:00,14.0
804,2024-02-10 13:50:00,14.0
805,2024-02-10 13:55:00,13.0
806,2024-02-10 14:00:00,10.0
807,2024-02-10 14:05:00,11.0
808,2024-02-10 14:10:00,19.0
809,2024-02-10 14:15:00,6.0
810,2024-02-10 14:20:00,7.0
811,2024-02-10 14:25:00,7.0
812,2024-02-10 14:30:00,2.0
813,2024-02-10 17:00:00,3.0
814,2024-02-10 17:05:00,18.0
815,2024-02-10 17:10:00,12.0
816,2024-02-10 17:15:00,11.0
817,2024-02-10 17:20:00,12.0
818,2024-02-10 17:25:00,10.0
819,2024-02-10 17:30:00,7.0
820,2024-02-10 17:35:00,7.0
821,2024-02-10 17:40:00,15.0
822,2024-02-10 17:45:00,11.0
823,2024-02-10 17:50:00,7.0
824,2024-02-10 17:55:00,2.0
825,2024-02-10 18:00:00,1.0
826,2024-02-10 19:55:00,1.0
827,2024-02-10 20:00:00,5.0
828,2024-02-10 20:05:00,16.0
829,2024-02-10 20:10:00,18.0
830,2024-02-10 20:15:00,16.0
831,2024-02-10 20:20:00,15.0
832,2024-02-10 20:25:00,21.0
833,2024-02-10 20:30:00,26.0
834,2024-02-10 20:35:00,14.0
835,2024-02-10 20:40:00,5.0
836,2024-02-10 20:45:00,8.0
837,2024-02-10 20:50:00,8.0
838,2024-02-10 20:55:00,11.0
839,2024-02-10 21:00:00,13.0
840,2024-02-10 21:05:00,9.0
841,2024-02-10 21:10:00,9.0
842,2024-02-10 21:15:00,11.0
843,2024-02-10 21:20:00,25.0
844,2024-02-10 21:25:00,19.0
845,2024-02-10 21:30:00,9.0
846,2024-02-10 21:35:00,11.0
847,2024-02-10 21:40:00,4.0
848,2024-02-10 21:45:00,8.0
849,2024-02-10 21:50:00,9.0
850,2024-02-10 21:55:00,3.0
851,2024-02-10 22:00:00,1.0
852,2024-02-11 08:00:00,4.0
853,2024-02-11 08:05:00,5.0
854,2024-02-11 08:20:00,4.0
855,2024-02-11 08:25:00,2.0
856,2024-02-11 08:30:00,2.0
857,2024-02-11 08:35:00,1.0
858,2024-02-11 08:40:00,3.0
859,2024-02-11 08:45:00,2.0
860,2024-02-11 08:50:00,5.0
861,2024-02-11 08:55:00,1.0
862,2024-02-11 09:05:00,4.0
863,2024-02-11 09:10:00,9.0
864,2024-02-11 09:15:00,5.0
865,2024-02-11 09:20:00,9.0
866,2024-02-11 09:25:00,12.0
867,2024-02-11 09:30:00,11.0
868,2024-02-11 09:35:00,14.0
869,2024-02-11 09:40:00,8.0
870,2024-02-11 09:45:00,17.0
871,2024-02-11 09:50:00,16.0
872,2024-02-11 09:55:00,8.0
873,2024-02-11 10:00:00,15.0
874,2024-02-11 10:05:00,11.0
875,2024-02-11 10:10:00,9.0
876,2024-02-11 10:15:00,11.0
877,2024-02-11 10:20:00,2.0
878,2024-02-11 12:35:00,2.0
879,2024-02-11 12:40:00,12.0
880,2024-02-11 12:45:00,8.0
881,2024-02-11 12:50:00,4.0
882,2024-02-11 12:55:00,10.0
883,2024-02-11 13:00:00,22.0
884,2024-02-11 13:05:00,24.0
885,2024-02-11 13:10:00,13.0
886,2024-02-11 13:15:00,17.0
887,2024-02-11 13:20:00,13.0
888,2024-02-11 13:25:00,10.0
889,2024-02-11 13:30:00,11.0
890,2024-02-11 13:35:00,17.0
891,2024-02-11 13:40:00,12.0
892,2024-02-11 13:45:00,19.0
893,2024-02-11 13:50:00,11.0
894,2024-02-11 13:55:00,20.0
895,2024-02-11 14:00:00,6.0
896,2024-02-11 14:05:00,15.0
897,2024-02-11 14:10:00,9.0
898,2024-02-11 14:15:00,13.0
899,2024-02-11 14:20:00,10.0
900,2024-02-11 14:25:00,8.0
901,2024-02-11 17:05:00,8.0
902,2024-02-11 17:10:00,2.0
903,2024-02-11 17:15:00,7.0
904,2024-02-11 17:20:00,6.0
905,2024-02-11 17:25:00,6.0
906,2024-02-11 17:30:00,3.0
907,2024-02-11 17:35:00,5.0
908,2024-02-11 17:40:00,2.0
909,2024-02-11 17:50:00,4.0
910,2024-02-11 17:55:00,4.0
911,2024-02-11 18:00:00,3.0
912,2024-02-11 18:05:00,1.0
913,2024-02-11 20:00:00,6.0
914,2024-02-11 20:05:00,11.0
915,2024-02-11 20:10:00,26.0
916,2024-02-11 20:15:00,9.0
917,2024-02-11 20:20:00,17.0
918,2024-02-11 20:25:00,14.0
919,2024-02-11 20:30:00,5.0
920,2024-02-11 20:35:00,15.0
921,2024-02-11 20:40:00,16.0
922,2024-02-11 20:45:00,22.0
923,2024-02-11 20:50:00,14.0
924,2024-02-11 20:55:00,9.0
925,2024-02-11 21:00:00,14.0
926,2024-02-11 21:05:00,14.0
927,2024-02-11 21:10:00,15.0
928,2024-02-11 21:15:00,14.0
929,2024-02-11 21:20:00,10.0
930,2024-02-11 21:25:00,13.0
931,2024-02-11 21:30:00,10.0
932,2024-02-11 21:35:00,12.0
933,2024-02-11 21:40:00,2.0
934,2024-02-11 21:45:00,9.0
935,2024-02-11 21:50:00,4.0
936,2024-02-11 21:55:00,1.0
937,2024-02-11 22:00:00,1.0
938,2024-02-11 22:05:00,2.0
939,2024-02-11 22:10:00,1.0
940,2024-02-12 08:00:00,1.0
941,2024-02-12 08:05:00,7.0
942,2024-02-12 08:10:00,13.0
943,2024-02-12 08:15:00,11.0
944,2024-02-12 08:20:00,6.0
945,2024-02-12 08:25:00,6.0
946,2024-02-12 08:30:00,4.0
947,2024-02-12 08:35:00,3.0
948,2024-02-12 08:40:00,7.0
949,2024-02-12 08:45:00,6.0
950,2024-02-12 08:50:00,4.0
951,2024-02-12 08:55:00,1.0
952,2024-02-12 09:00:00,3.0
953,2024-02-12 09:05:00,13.0
954,2024-02-12 09:10:00,17.0
955,2024-02-12 09:15:00,12.0
956,2024-02-12 09:20:00,10.0
957,2024-02-12 09:25:00,3.0
958,2024-02-12 09:30:00,13.0
959,2024-02-12 09:35:00,4.0
960,2024-02-12 09:40:00,6.0
961,2024-02-12 09:45:00,9.0
962,2024-02-12 09:50:00,4.0
963,2024-02-12 09:55:00,6.0
964,2024-02-12 10:00:00,16.0
965,2024-02-12 10:05:00,8.0
966,2024-02-12 10:10:00,2.0
967,2024-02-12 10:30:00,1.0
968,2024-02-12 12:30:00,18.0
969,2024-02-12 12:35:00,17.0
970,2024-02-12 12:40:00,21.0
971,2024-02-12 12:45:00,6.0
972,2024-02-12 12:50:00,9.0
973,2024-02-12 13:00:00,16.0
974,2024-02-12 13:05:00,21.0
975,2024-02-12 13:10:00,10.0
976,2024-02-12 13:15:00,13.0
977,2024-02-12 13:20:00,13.0
978,2024-02-12 13:25:00,23.0
979,2024-02-12 13:30:00,16.0
980,2024-02-12 13:35:00,12.0
981,2024-02-12 13:40:00,1.0
982,2024-02-12 14:00:00,1.0
983,2024-02-12 14:05:00,13.0
984,2024-02-12 14:10:00,7.0
985,2024-02-12 14:15:00,5.0
986,2024-02-12 14:20:00,10.0
987,2024-02-12 14:25:00,4.0
988,2024-02-12 16:55:00,5.0
989,2024-02-12 17:00:00,14.0
990,2024-02-12 17:05:00,19.0
991,2024-02-12 17:10:00,16.0
992,2024-02-12 17:15:00,20.0
993,2024-02-12 17:20:00,17.0
994,2024-02-12 17:25:00,13.0
995,2024-02-12 17:30:00,19.0
996,2024-02-12 17:35:00,7.0
997,2024-02-12 17:40:00,17.0
998,2024-02-12 17:45:00,2.0
999,2024-02-12 17:50:00,3.0
1000,2024-02-12 17:55:00,6.0
1001,2024-02-12 18:00:00,2.0
1002,2024-02-12 18:10:00,2.0
1003,2024-02-12 19:55:00,2.0
1004,2024-02-12 20:00:00,7.0
1005,2024-02-12 20:05:00,17.0
1006,2024-02-12 20:10:00,20.0
1007,2024-02-12 20:15:00,20.0
1008,2024-02-12 20:20:00,10.0
1009,2024-02-12 20:25:00,15.0
1010,2024-02-12 20:30:00,22.0
1011,2024-02-12 20:35:00,13.0
1012,2024-02-12 20:40:00,20.0
1013,2024-02-12 20:45:00,8.0
1014,2024-02-12 20:50:00,15.0
1015,2024-02-12 20:55:00,20.0
1016,2024-02-12 21:00:00,19.0
1017,2024-02-12 21:05:00,25.0
1018,2024-02-12 21:10:00,9.0
1019,2024-02-12 21:15:00,11.0
1020,2024-02-12 21:20:00,6.0
1021,2024-02-12 21:25:00,7.0
1022,2024-02-12 21:30:00,6.0
1023,2024-02-12 21:35:00,6.0
1024,2024-02-12 21:40:00,5.0
1025,2024-02-12 21:45:00,3.0
1026,2024-02-12 21:50:00,2.0
1027,2024-02-12 21:55:00,4.0
1028,2024-02-12 22:00:00,11.0
1029,2024-02-13 08:00:00,3.0
1030,2024-02-13 08:05:00,21.0
1031,2024-02-13 08:10:00,11.0
1032,2024-02-13 08:15:00,9.0
1033,2024-02-13 08:20:00,5.0
1034,2024-02-13 08:25:00,7.0
1035,2024-02-13 08:30:00,4.0
1036,2024-02-13 08:40:00,2.0
1037,2024-02-13 08:45:00,3.0
1038,2024-02-13 08:50:00,1.0
1039,2024-02-13 08:55:00,2.0
1040,2024-02-13 09:00:00,1.0
1041,2024-02-13 09:05:00,9.0
1042,2024-02-13 09:10:00,17.0
1043,2024-02-13 09:15:00,17.0
1044,2024-02-13 09:20:00,4.0
1045,2024-02-13 09:25:00,10.0
1046,2024-02-13 09:30:00,11.0
1047,2024-02-13 09:35:00,17.0
1048,2024-02-13 09:40:00,11.0
1049,2024-02-13 09:45:00,18.0
1050,2024-02-13 09:50:00,9.0
1051,2024-02-13 09:55:00,9.0
1052,2024-02-13 10:00:00,13.0
1053,2024-02-13 10:05:00,10.0
1054,2024-02-13 10:10:00,11.0
1055,2024-02-13 10:15:00,2.0
1056,2024-02-13 10:20:00,3.0
1057,2024-02-13 12:30:00,3.0
1058,2024-02-13 12:35:00,8.0
1059,2024-02-13 12:40:00,9.0
1060,2024-02-13 12:45:00,17.0
1061,2024-02-13 12:50:00,17.0
1062,2024-02-13 12:55:00,5.0
1063,2024-02-13 13:00:00,6.0
1064,2024-02-13 13:05:00,8.0
1065,2024-02-13 13:10:00,5.0
1066,2024-02-13 13:15:00,15.0
1067,2024-02-13 13:20:00,9.0
1068,2024-02-13 13:25:00,9.0
1069,2024-02-13 13:30:00,11.0
1070,2024-02-13 13:35:00,16.0
1071,2024-02-13 13:40:00,11.0
1072,2024-02-13 13:45:00,16.0
1073,2024-02-13 13:50:00,12.0
1074,2024-02-13 13:55:00,18.0
1075,2024-02-13 14:00:00,11.0
1076,2024-02-13 14:05:00,19.0
1077,2024-02-13 14:10:00,5.0
1078,2024-02-13 14:15:00,17.0
1079,2024-02-13 14:20:00,14.0
1080,2024-02-13 14:25:00,12.0
1081,2024-02-13 14:30:00,8.0
1082,2024-02-13 17:05:00,8.0
1083,2024-02-13 17:10:00,20.0
1084,2024-02-13 17:15:00,9.0
1085,2024-02-13 17:20:00,12.0
1086,2024-02-13 17:25:00,16.0
1087,2024-02-13 17:30:00,8.0
1088,2024-02-13 17:35:00,16.0
1089,2024-02-13 17:40:00,12.0
1090,2024-02-13 17:45:00,13.0
1091,2024-02-13 17:50:00,3.0
1092,2024-02-13 18:05:00,2.0
1093,2024-02-13 19:50:00,2.0
1094,2024-02-13 19:55:00,2.0
1095,2024-02-13 20:00:00,10.0
1096,2024-02-13 20:05:00,9.0
1097,2024-02-13 20:10:00,10.0
1098,2024-02-13 20:15:00,19.0
1099,2024-02-13 20:20:00,17.0
1100,2024-02-13 20:25:00,24.0
1101,2024-02-13 20:30:00,12.0
1102,2024-02-13 20:35:00,13.0
1103,2024-02-13 20:40:00,9.0
1104,2024-02-13 20:45:00,14.0
1105,2024-02-13 20:50:00,18.0
1106,2024-02-13 20:55:00,12.0
1107,2024-02-13 21:00:00,10.0
1108,2024-02-13 21:05:00,9.0
1109,2024-02-13 21:10:00,16.0
1110,2024-02-13 21:15:00,9.0
1111,2024-02-13 21:20:00,16.0
1112,2024-02-13 21:25:00,13.0
1113,2024-02-13 21:30:00,14.0
1114,2024-02-13 21:35:00,7.0
1115,2024-02-13 21:40:00,6.0
1116,2024-02-13 21:45:00,4.0
1117,2024-02-13 21:50:00,7.0
1118,2024-02-13 21:55:00,9.0
1119,2024-02-13 22:00:00,2.0
1120,2024-02-13 22:05:00,2.0
1121,2024-02-13 22:15:00,2.0
1122,2024-02-13 22:20:00,2.0
1123,2024-02-14 08:05:00,5.0
1124,2024-02-14 08:10:00,4.0
1125,2024-02-14 08:15:00,7.0
1126,2024-02-14 08:20:00,2.0
1127,2024-02-14 08:25:00,3.0
1128,2024-02-14 08:30:00,2.0
1129,2024-02-14 08:35:00,2.0
1130,2024-02-14 08:40:00,3.0
1131,2024-02-14 08:45:00,6.0
1132,2024-02-14 08:50:00,4.0
1133,2024-02-14 08:55:00,3.0
1134,2024-02-14 09:00:00,2.0
1135,2024-02-14 09:05:00,7.0
1136,2024-02-14 09:10:00,7.0
1137,2024-02-14 09:15:00,13.0
1138,2024-02-14 09:20:00,6.0
1139,2024-02-14 09:25:00,6.0
1140,2024-02-14 09:30:00,4.0
1141,2024-02-14 09:35:00,4.0
1142,2024-02-14 09:40:00,10.0
1143,2024-02-14 09:45:00,4.0
1144,2024-02-14 09:50:00,4.0
1145,2024-02-14 09:55:00,11.0
1146,2024-02-14 10:00:00,7.0
1147,2024-02-14 10:05:00,13.0
1148,2024-02-14 10:10:00,8.0
1149,2024-02-14 10:15:00,6.0
1150,2024-02-14 10:20:00,3.0
1151,2024-02-14 10:40:00,2.0
1152,2024-02-14 12:25:00,4.0
1153,2024-02-14 12:30:00,3.0
1154,2024-02-14 12:35:00,16.0
1155,2024-02-14 12:40:00,11.0
1156,2024-02-14 12:45:00,10.0
1157,2024-02-14 12:50:00,3.0
1158,2024-02-14 12:55:00,15.0
1159,2024-02-14 13:00:00,13.0
1160,2024-02-14 13:05:00,11.0
1161,2024-02-14 13:10:00,9.0
1162,2024-02-14 13:15:00,16.0
1163,2024-02-14 13:20:00,17.0
1164,2024-02-14 13:25:00,14.0
1165,2024-02-14 13:30:00,10.0
1166,2024-02-14 13:35:00,13.0
1167,2024-02-14 13:40:00,16.0
1168,2024-02-14 13:45:00,17.0
1169,2024-02-14 13:50:00,13.0
1170,2024-02-14 13:55:00,12.0
1171,2024-02-14 14:00:00,7.0
1172,2024-02-14 14:05:00,12.0
1173,2024-02-14 14:10:00,2.0
1174,2024-02-14 14:15:00,13.0
1175,2024-02-14 14:25:00,1.0
1176,2024-02-14 14:30:00,3.0
1177,2024-02-14 17:00:00,4.0
1178,2024-02-14 17:05:00,19.0
1179,2024-02-14 17:10:00,10.0
1180,2024-02-14 17:15:00,8.0
1181,2024-02-14 17:20:00,8.0
1182,2024-02-14 17:25:00,7.0
1183,2024-02-14 17:30:00,5.0
1184,2024-02-14 17:35:00,7.0
1185,2024-02-14 17:40:00,15.0
1186,2024-02-14 17:45:00,19.0
1187,2024-02-14 17:50:00,8.0
1188,2024-02-14 17:55:00,2.0
1189,2024-02-14 18:00:00,5.0
1190,2024-02-14 18:05:00,1.0
1191,2024-02-14 19:55:00,2.0
1192,2024-02-14 20:00:00,3.0
1193,2024-02-14 20:05:00,15.0
1194,2024-02-14 20:10:00,12.0
1195,2024-02-14 20:15:00,5.0
1196,2024-02-14 20:20:00,16.0
1197,2024-02-14 20:25:00,14.0
1198,2024-02-14 20:30:00,7.0
1199,2024-02-14 20:35:00,10.0
1200,2024-02-14 20:40:00,11.0
1201,2024-02-14 20:45:00,17.0
1202,2024-02-14 20:50:00,9.0
1203,2024-02-14 20:55:00,8.0
1204,2024-02-14 21:00:00,6.0
1205,2024-02-14 21:05:00,13.0
1206,2024-02-14 21:10:00,19.0
1207,2024-02-14 21:15:00,12.0
1208,2024-02-14 21:20:00,8.0
1209,2024-02-14 21:25:00,9.0
1210,2024-02-14 21:30:00,6.0
1211,2024-02-14 21:35:00,3.0
1212,2024-02-14 21:40:00,5.0
1213,2024-02-14 21:45:00,2.0
1214,2024-02-14 21:50:00,7.0
1215,2024-02-14 21:55:00,16.0
1216,2024-02-14 22:00:00,3.0
1217,2024-02-14 22:05:00,1.0
1218,2024-02-15 08:05:00,3.0
1219,2024-02-15 08:10:00,4.0
1220,2024-02-15 08:15:00,5.0
1221,2024-02-15 08:20:00,5.0
1222,2024-02-15 08:25:00,4.0
1223,2024-02-15 08:30:00,2.0
1224,2024-02-15 08:35:00,3.0
1225,2024-02-15 08:40:00,10.0
1226,2024-02-15 08:45:00,3.0
1227,2024-02-15 08:50:00,6.0
1228,2024-02-15 08:55:00,5.0
1229,2024-02-15 09:00:00,11.0
1230,2024-02-15 09:05:00,15.0
1231,2024-02-15 09:10:00,13.0
1232,2024-02-15 09:15:00,12.0
1233,2024-02-15 09:20:00,9.0
1234,2024-02-15 09:25:00,5.0
1235,2024-02-15 09:30:00,5.0
1236,2024-02-15 09:35:00,4.0
1237,2024-02-15 09:40:00,10.0
1238,2024-02-15 09:45:00,2.0
1239,2024-02-15 09:50:00,4.0
1240,2024-02-15 09:55:00,9.0
1241,2024-02-15 10:00:00,13.0
1242,2024-02-15 10:05:00,6.0
1243,2024-02-15 10:10:00,10.0
1244,2024-02-15 10:15:00,9.0
1245,2024-02-15 10:20:00,9.0
1246,2024-02-15 10:25:00,1.0
1247,2024-02-15 10:35:00,2.0
1248,2024-02-15 10:40:00,1.0
1249,2024-02-15 12:25:00,2.0
1250,2024-02-15 12:30:00,13.0
1251,2024-02-15 12:35:00,22.0
1252,2024-02-15 12:40:00,30.0
1253,2024-02-15 12:45:00,16.0
1254,2024-02-15 12:50:00,9.0
1255,2024-02-15 12:55:00,10.0
1256,2024-02-15 13:00:00,6.0
1257,2024-02-15 13:05:00,5.0
1258,2024-02-15 13:10:00,11.0
1259,2024-02-15 13:15:00,14.0
1260,2024-02-15 13:20:00,11.0
1261,2024-02-15 13:25:00,10.0
1262,2024-02-15 13:30:00,19.0
1263,2024-02-15 13:35:00,20.0
1264,2024-02-15 13:40:00,20.0
1265,2024-02-15 13:45:00,12.0
1266,2024-02-15 13:50:00,18.0
1267,2024-02-15 13:55:00,12.0
1268,2024-02-15 14:00:00,8.0
1269,2024-02-15 14:05:00,11.0
1270,2024-02-15 14:10:00,3.0
1271,2024-02-15 14:15:00,4.0
1272,2024-02-15 14:20:00,2.0
1273,2024-02-15 14:25:00,4.0
1274,2024-02-15 14:30:00,1.0
1275,2024-02-15 17:00:00,2.0
1276,2024-02-15 17:05:00,1.0
1277,2024-02-15 17:10:00,13.0
1278,2024-02-15 17:15:00,10.0
1279,2024-02-15 17:20:00,4.0
1280,2024-02-15 17:25:00,7.0
1281,2024-02-15 17:30:00,9.0
1282,2024-02-15 17:35:00,27.0
1283,2024-02-15 17:40:00,24.0
1284,2024-02-15 17:45:00,21.0
1285,2024-02-15 17:50:00,24.0
1286,2024-02-15 17:55:00,8.0
1287,2024-02-15 18:00:00,1.0
1288,2024-02-15 18:05:00,1.0
1289,2024-02-15 19:55:00,2.0
1290,2024-02-15 20:00:00,7.0
1291,2024-02-15 20:05:00,9.0
1292,2024-02-15 20:10:00,12.0
1293,2024-02-15 20:15:00,13.0
1294,2024-02-15 20:20:00,13.0
1295,2024-02-15 20:25:00,12.0
1296,2024-02-15 20:30:00,9.0
1297,2024-02-15 20:35:00,10.0
1298,2024-02-15 20:40:00,15.0
1299,2024-02-15 20:45:00,14.0
1300,2024-02-15 20:50:00,16.0
1301,2024-02-15 20:55:00,15.0
1302,2024-02-15 21:00:00,17.0
1303,2024-02-15 21:05:00,20.0
1304,2024-02-15 21:10:00,12.0
1305,2024-02-15 21:15:00,13.0
1306,2024-02-15 21:20:00,5.0
1307,2024-02-15 21:25:00,19.0
1308,2024-02-15 21:30:00,18.0
1309,2024-02-15 21:35:00,7.0
1310,2024-02-15 21:40:00,17.0
1311,2024-02-15 21:45:00,7.0
1312,2024-02-15 21:50:00,2.0
1313,2024-02-15 21:55:00,4.0
1314,2024-02-15 22:05:00,2.0
1315,2024-02-15 22:10:00,4.0
1316,2024-02-15 22:15:00,1.0
1317,2024-02-16 08:05:00,4.0
1318,2024-02-16 08:10:00,5.0
1319,2024-02-16 08:15:00,2.0
1320,2024-02-16 08:20:00,7.0
1321,2024-02-16 08:30:00,1.0
1322,2024-02-16 08:35:00,6.0
1323,2024-02-16 08:40:00,1.0
1324,2024-02-16 08:45:00,2.0
1325,2024-02-16 08:50:00,3.0
1326,2024-02-16 08:55:00,1.0
1327,2024-02-16 09:00:00,2.0
1328,2024-02-16 09:05:00,17.0
1329,2024-02-16 09:10:00,10.0
1330,2024-02-16 09:15:00,18.0
1331,2024-02-16 09:20:00,12.0
1332,2024-02-16 09:25:00,10.0
1333,2024-02-16 09:30:00,3.0
1334,2024-02-16 09:35:00,5.0
1335,2024-02-16 09:40:00,6.0
1336,2024-02-16 09:45:00,3.0
1337,2024-02-16 09:50:00,5.0
1338,2024-02-16 09:55:00,5.0
1339,2024-02-16 10:00:00,9.0
1340,2024-02-16 10:05:00,8.0
1341,2024-02-16 10:10:00,6.0
1342,2024-02-16 10:15:00,6.0
1343,2024-02-16 10:20:00,4.0
1344,2024-02-16 10:25:00,1.0
1345,2024-02-16 10:30:00,1.0
1346,2024-02-16 10:35:00,1.0
1347,2024-02-16 12:25:00,2.0
1348,2024-02-16 12:30:00,10.0
1349,2024-02-16 12:35:00,8.0
1350,2024-02-16 12:40:00,26.0
1351,2024-02-16 12:45:00,15.0
1352,2024-02-16 12:50:00,16.0
1353,2024-02-16 12:55:00,7.0
1354,2024-02-16 13:00:00,6.0
1355,2024-02-16 13:05:00,5.0
1356,2024-02-16 13:10:00,13.0
1357,2024-02-16 13:15:00,19.0
1358,2024-02-16 13:20:00,8.0
1359,2024-02-16 13:25:00,24.0
1360,2024-02-16 13:30:00,19.0
1361,2024-02-16 13:35:00,30.0
1362,2024-02-16 13:40:00,19.0
1363,2024-02-16 13:45:00,9.0
1364,2024-02-16 13:50:00,9.0
1365,2024-02-16 13:55:00,15.0
1366,2024-02-16 14:00:00,14.0
1367,2024-02-16 14:05:00,8.0
1368,2024-02-16 14:10:00,8.0
1369,2024-02-16 14:15:00,6.0
1370,2024-02-16 14:20:00,1.0
1371,2024-02-16 14:25:00,4.0
1372,2024-02-16 14:35:00,2.0
1373,2024-02-16 17:00:00,4.0
1374,2024-02-16 17:05:00,5.0
1375,2024-02-16 17:10:00,9.0
1376,2024-02-16 17:15:00,7.0
1377,2024-02-16 17:20:00,6.0
1378,2024-02-16 17:25:00,9.0
1379,2024-02-16 17:30:00,7.0
1380,2024-02-16 17:35:00,5.0
1381,2024-02-16 17:40:00,13.0
1382,2024-02-16 17:45:00,11.0
1383,2024-02-16 17:50:00,8.0
1384,2024-02-16 17:55:00,12.0
1385,2024-02-16 18:00:00,6.0
1386,2024-02-16 18:05:00,2.0
1387,2024-02-16 18:10:00,1.0
1388,2024-02-16 20:00:00,12.0
1389,2024-02-16 20:05:00,15.0
1390,2024-02-16 20:10:00,17.0
1391,2024-02-16 20:15:00,26.0
1392,2024-02-16 20:20:00,17.0
1393,2024-02-16 20:25:00,15.0
1394,2024-02-16 20:30:00,25.0
1395,2024-02-16 20:35:00,13.0
1396,2024-02-16 20:40:00,24.0
1397,2024-02-16 20:45:00,12.0
1398,2024-02-16 20:50:00,20.0
1399,2024-02-16 20:55:00,18.0
1400,2024-02-16 21:00:00,6.0
1401,2024-02-16 21:05:00,5.0
1402,2024-02-16 21:10:00,14.0
1403,2024-02-16 21:15:00,16.0
1404,2024-02-16 21:20:00,7.0
1405,2024-02-16 21:25:00,23.0
1406,2024-02-16 21:30:00,16.0
1407,2024-02-16 21:35:00,11.0
1408,2024-02-16 21:40:00,14.0
1409,2024-02-16 21:45:00,3.0
1410,2024-02-16 21:50:00,12.0
1411,2024-02-16 21:55:00,3.0
1412,2024-02-16 22:00:00,2.0
1413,2024-02-16 22:05:00,7.0
1414,2024-02-16 22:10:00,3.0
1415,2024-02-17 07:55:00,1.0
1416,2024-02-17 08:00:00,1.0
1417,2024-02-17 08:05:00,1.0
1418,2024-02-17 08:10:00,3.0
1419,2024-02-17 08:25:00,1.0
1420,2024-02-17 08:30:00,2.0
1421,2024-02-17 08:35:00,4.0
1422,2024-02-17 08:40:00,2.0
1423,2024-02-17 08:45:00,8.0
1424,2024-02-17 08:50:00,2.0
1425,2024-02-17 08:55:00,5.0
1426,2024-02-17 09:00:00,4.0
1427,2024-02-17 09:05:00,6.0
1428,2024-02-17 09:10:00,8.0
1429,2024-02-17 09:15:00,2.0
1430,2024-02-17 09:20:00,9.0
1431,2024-02-17 09:25:00,10.0
1432,2024-02-17 09:30:00,6.0
1433,2024-02-17 09:35:00,7.0
1434,2024-02-17 09:40:00,4.0
1435,2024-02-17 09:45:00,10.0
1436,2024-02-17 09:50:00,14.0
1437,2024-02-17 09:55:00,10.0
1438,2024-02-17 10:00:00,11.0
1439,2024-02-17 10:05:00,20.0
1440,2024-02-17 10:10:00,17.0
1441,2024-02-17 10:15:00,2.0
1442,2024-02-17 12:30:00,12.0
1443,2024-02-17 12:35:00,16.0
1444,2024-02-17 12:40:00,28.0
1445,2024-02-17 12:45:00,13.0
1446,2024-02-17 12:50:00,6.0
1447,2024-02-17 12:55:00,8.0
1448,2024-02-17 13:00:00,6.0
1449,2024-02-17 13:05:00,19.0
1450,2024-02-17 13:10:00,11.0
1451,2024-02-17 13:15:00,16.0
1452,2024-02-17 13:20:00,16.0
1453,2024-02-17 13:25:00,22.0
1454,2024-02-17 13:30:00,21.0
1455,2024-02-17 13:35:00,17.0
1456,2024-02-17 13:40:00,17.0
1457,2024-02-17 13:45:00,19.0
1458,2024-02-17 13:50:00,12.0
1459,2024-02-17 13:55:00,15.0
1460,2024-02-17 14:00:00,17.0
1461,2024-02-17 14:05:00,16.0
1462,2024-02-17 14:10:00,10.0
1463,2024-02-17 14:15:00,8.0
1464,2024-02-17 14:20:00,12.0
1465,2024-02-17 14:25:00,4.0
1466,2024-02-17 17:00:00,6.0
1467,2024-02-17 17:05:00,12.0
1468,2024-02-17 17:10:00,12.0
1469,2024-02-17 17:15:00,9.0
1470,2024-02-17 17:20:00,10.0
1471,2024-02-17 17:25:00,8.0
1472,2024-02-17 17:30:00,12.0
1473,2024-02-17 17:35:00,12.0
1474,2024-02-17 17:40:00,10.0
1475,2024-02-17 17:45:00,7.0
1476,2024-02-17 17:50:00,14.0
1477,2024-02-17 17:55:00,2.0
1478,2024-02-17 18:00:00,4.0
1479,2024-02-17 18:05:00,1.0
1480,2024-02-17 20:00:00,3.0
1481,2024-02-17 20:05:00,16.0
1482,2024-02-17 20:10:00,17.0
1483,2024-02-17 20:15:00,13.0
1484,2024-02-17 20:20:00,22.0
1485,2024-02-17 20:25:00,21.0
1486,2024-02-17 20:30:00,15.0
1487,2024-02-17 20:35:00,20.0
1488,2024-02-17 20:40:00,20.0
1489,2024-02-17 20:45:00,16.0
1490,2024-02-17 20:50:00,22.0
1491,2024-02-17 20:55:00,17.0
1492,2024-02-17 21:00:00,17.0
1493,2024-02-17 21:05:00,4.0
1494,2024-02-17 21:10:00,8.0
1495,2024-02-17 21:15:00,13.0
1496,2024-02-17 21:20:00,14.0
1497,2024-02-17 21:25:00,10.0
1498,2024-02-17 21:30:00,16.0
1499,2024-02-17 21:35:00,14.0
1500,2024-02-17 21:40:00,6.0
1501,2024-02-17 21:45:00,3.0
1502,2024-02-17 21:50:00,3.0
1503,2024-02-17 21:55:00,5.0
1504,2024-02-17 22:00:00,4.0
1505,2024-02-17 22:10:00,2.0
1506,2024-02-17 22:15:00,2.0
1507,2024-02-18 08:00:00,1.0
1508,2024-02-18 08:05:00,2.0
1509,2024-02-18 08:10:00,8.0
1510,2024-02-18 08:20:00,4.0
1511,2024-02-18 08:25:00,1.0
1512,2024-02-18 08:30:00,2.0
1513,2024-02-18 08:40:00,4.0
1514,2024-02-18 08:45:00,5.0
1515,2024-02-18 08:50:00,1.0
1516,2024-02-18 08:55:00,3.0
1517,2024-02-18 09:00:00,6.0
1518,2024-02-18 09:05:00,6.0
1519,2024-02-18 09:10:00,9.0
1520,2024-02-18 09:15:00,9.0
1521,2024-02-18 09:20:00,11.0
1522,2024-02-18 09:25:00,8.0
1523,2024-02-18 09:30:00,5.0
1524,2024-02-18 09:35:00,3.0
1525,2024-02-18 09:40:00,8.0
1526,2024-02-18 09:45:00,24.0
1527,2024-02-18 09:50:00,12.0
1528,2024-02-18 09:55:00,12.0
1529,2024-02-18 10:00:00,12.0
1530,2024-02-18 10:05:00,17.0
1531,2024-02-18 10:10:00,4.0
1532,2024-02-18 10:15:00,14.0
1533,2024-02-18 10:20:00,12.0
1534,2024-02-18 10:25:00,11.0
1535,2024-02-18 10:30:00,1.0
1536,2024-02-18 12:25:00,1.0
1537,2024-02-18 12:30:00,3.0
1538,2024-02-18 12:35:00,12.0
1539,2024-02-18 12:40:00,18.0
1540,2024-02-18 12:45:00,20.0
1541,2024-02-18 12:50:00,10.0
1542,2024-02-18 12:55:00,14.0
1543,2024-02-18 13:00:00,13.0
1544,2024-02-18 13:05:00,7.0
1545,2024-02-18 13:10:00,13.0
1546,2024-02-18 13:15:00,17.0
1547,2024-02-18 13:20:00,24.0
1548,2024-02-18 13:25:00,26.0
1549,2024-02-18 13:30:00,21.0
1550,2024-02-18 13:35:00,27.0
1551,2024-02-18 13:40:00,18.0
1552,2024-02-18 13:45:00,12.0
1553,2024-02-18 13:50:00,19.0
1554,2024-02-18 13:55:00,17.0
1555,2024-02-18 14:00:00,24.0
1556,2024-02-18 14:05:00,4.0
1557,2024-02-18 14:10:00,7.0
1558,2024-02-18 14:15:00,8.0
1559,2024-02-18 14:20:00,7.0
1560,2024-02-18 14:25:00,20.0
1561,2024-02-18 14:30:00,2.0
1562,2024-02-18 14:35:00,1.0
1563,2024-02-18 17:00:00,6.0
1564,2024-02-18 17:05:00,20.0
1565,2024-02-18 17:10:00,14.0
1566,2024-02-18 17:15:00,8.0
1567,2024-02-18 17:20:00,22.0
1568,2024-02-18 17:25:00,18.0
1569,2024-02-18 17:30:00,16.0
1570,2024-02-18 17:35:00,14.0
1571,2024-02-18 17:40:00,7.0
1572,2024-02-18 17:45:00,22.0
1573,2024-02-18 17:50:00,15.0
1574,2024-02-18 17:55:00,9.0
1575,2024-02-18 18:00:00,1.0
1576,2024-02-18 20:00:00,5.0
1577,2024-02-18 20:05:00,24.0
1578,2024-02-18 20:10:00,20.0
1579,2024-02-18 20:15:00,27.0
1580,2024-02-18 20:20:00,19.0
1581,2024-02-18 20:25:00,35.0
1582,2024-02-18 20:30:00,27.0
1583,2024-02-18 20:35:00,9.0
1584,2024-02-18 20:40:00,21.0
1585,2024-02-18 20:45:00,10.0
1586,2024-02-18 20:50:00,21.0
1587,2024-02-18 20:55:00,15.0
1588,2024-02-18 21:00:00,11.0
1589,2024-02-18 21:05:00,17.0
1590,2024-02-18 21:10:00,13.0
1591,2024-02-18 21:15:00,16.0
1592,2024-02-18 21:20:00,10.0
1593,2024-02-18 21:25:00,17.0
1594,2024-02-18 21:30:00,8.0
1595,2024-02-18 21:35:00,2.0
1596,2024-02-18 21:40:00,8.0
1597,2024-02-18 21:45:00,4.0
1598,2024-02-18 21:50:00,3.0
1599,2024-02-18 21:55:00,1.0
1600,2024-02-18 22:00:00,2.0
1601,2024-02-19 08:40:00,2.0
1602,2024-02-19 08:45:00,4.0
1603,2024-02-19 09:10:00,1.0
1604,2024-02-19 09:15:00,4.0
1605,2024-02-19 09:20:00,12.0
1606,2024-02-19 09:25:00,6.0
1607,2024-02-19 09:30:00,3.0
1608,2024-02-19 09:35:00,11.0
1609,2024-02-19 09:40:00,11.0
1610,2024-02-19 09:45:00,12.0
1611,2024-02-19 09:50:00,14.0
1612,2024-02-19 09:55:00,14.0
1613,2024-02-19 10:00:00,4.0
1614,2024-02-19 10:05:00,3.0
1615,2024-02-19 10:10:00,2.0
1616,2024-02-19 10:15:00,6.0
1617,2024-02-19 10:25:00,2.0
1618,2024-02-19 13:10:00,6.0
1619,2024-02-19 13:15:00,22.0
1620,2024-02-19 13:20:00,10.0
1621,2024-02-19 13:25:00,12.0
1622,2024-02-19 13:30:00,12.0
1623,2024-02-19 13:35:00,12.0
1624,2024-02-19 14:00:00,2.0
1625,2024-02-19 14:05:00,17.0
1626,2024-02-19 14:10:00,13.0
1627,2024-02-19 14:15:00,9.0
1628,2024-02-19 14:20:00,7.0
1629,2024-02-19 14:25:00,6.0
1630,2024-02-19 14:30:00,1.0
1631,2024-02-19 17:00:00,3.0
1632,2024-02-19 17:05:00,11.0
1633,2024-02-19 17:10:00,25.0
1634,2024-02-19 17:15:00,16.0
1635,2024-02-19 17:20:00,8.0
1636,2024-02-19 17:25:00,7.0
1637,2024-02-19 17:30:00,5.0
1638,2024-02-19 17:35:00,8.0
1639,2024-02-19 17:40:00,6.0
1640,2024-02-19 17:45:00,1.0
1641,2024-02-19 17:50:00,4.0
1642,2024-02-19 17:55:00,8.0
1643,2024-02-19 19:55:00,1.0
1644,2024-02-19 20:00:00,7.0
1645,2024-02-19 20:05:00,23.0
1646,2024-02-19 20:10:00,18.0
1647,2024-02-19 20:15:00,28.0
1648,2024-02-19 20:20:00,21.0
1649,2024-02-19 20:25:00,26.0
1650,2024-02-19 20:30:00,18.0
1651,2024-02-19 20:35:00,22.0
1652,2024-02-19 20:40:00,10.0
1653,2024-02-19 20:45:00,23.0
1654,2024-02-19 20:50:00,13.0
1655,2024-02-19 20:55:00,17.0
1656,2024-02-19 21:00:00,14.0
1657,2024-02-19 21:05:00,17.0
1658,2024-02-19 21:10:00,21.0
1659,2024-02-19 21:15:00,9.0
1660,2024-02-19 21:20:00,10.0
1661,2024-02-19 21:25:00,11.0
1662,2024-02-19 21:30:00,11.0
1663,2024-02-19 21:35:00,16.0
1664,2024-02-19 21:40:00,8.0
1665,2024-02-19 21:45:00,6.0
1666,2024-02-19 21:50:00,1.0
1667,2024-02-19 21:55:00,7.0
1668,2024-02-19 22:00:00,1.0
1669,2024-02-19 22:05:00,3.0
1670,2024-02-19 22:10:00,1.0
1671,2024-02-19 22:15:00,1.0
1672,2024-02-19 22:20:00,2.0
1673,2024-02-20 08:05:00,3.0
1674,2024-02-20 08:10:00,1.0
1675,2024-02-20 08:15:00,2.0
1676,2024-02-20 08:20:00,2.0
1677,2024-02-20 08:25:00,5.0
1678,2024-02-20 08:30:00,12.0
1679,2024-02-20 08:35:00,5.0
1680,2024-02-20 08:40:00,7.0
1681,2024-02-20 08:45:00,5.0
1682,2024-02-20 08:50:00,6.0
1683,2024-02-20 08:55:00,3.0
1684,2024-02-20 09:00:00,2.0
1685,2024-02-20 09:05:00,3.0
1686,2024-02-20 09:10:00,9.0
1687,2024-02-20 09:15:00,4.0
1688,2024-02-20 09:20:00,5.0
1689,2024-02-20 09:25:00,6.0
1690,2024-02-20 09:30:00,14.0
1691,2024-02-20 09:35:00,9.0
1692,2024-02-20 09:40:00,10.0
1693,2024-02-20 09:45:00,17.0
1694,2024-02-20 09:50:00,16.0
1695,2024-02-20 09:55:00,13.0
1696,2024-02-20 10:00:00,15.0
1697,2024-02-20 10:05:00,12.0
1698,2024-02-20 10:10:00,8.0
1699,2024-02-20 10:15:00,2.0
1700,2024-02-20 10:20:00,1.0
1701,2024-02-20 10:30:00,3.0
1702,2024-02-20 12:30:00,12.0
1703,2024-02-20 12:35:00,9.0
1704,2024-02-20 12:40:00,3.0
1705,2024-02-20 12:45:00,2.0
1706,2024-02-20 12:50:00,8.0
1707,2024-02-20 12:55:00,7.0
1708,2024-02-20 13:15:00,1.0
1709,2024-02-20 14:35:00,1.0
1710,2024-02-20 17:05:00,6.0
1711,2024-02-20 17:10:00,8.0
1712,2024-02-20 17:15:00,7.0
1713,2024-02-20 17:20:00,10.0
1714,2024-02-20 17:25:00,2.0
1715,2024-02-20 17:30:00,6.0
1716,2024-02-20 17:35:00,2.0
1717,2024-02-20 17:40:00,6.0
1718,2024-02-20 17:45:00,6.0
1719,2024-02-20 17:50:00,2.0
1720,2024-02-20 17:55:00,8.0
1721,2024-02-20 18:05:00,3.0
1722,2024-02-20 20:00:00,5.0
1723,2024-02-20 20:05:00,15.0
1724,2024-02-20 20:10:00,22.0
1725,2024-02-20 20:15:00,20.0
1726,2024-02-20 20:20:00,23.0
1727,2024-02-20 20:25:00,25.0
1728,2024-02-20 20:30:00,11.0
1729,2024-02-20 20:35:00,17.0
1730,2024-02-20 20:40:00,24.0
1731,2024-02-20 20:45:00,23.0
1732,2024-02-20 20:50:00,18.0
1733,2024-02-20 20:55:00,18.0
1734,2024-02-20 21:00:00,11.0
1735,2024-02-20 21:05:00,11.0
1736,2024-02-20 21:10:00,9.0
1737,2024-02-20 21:15:00,12.0
1738,2024-02-20 21:20:00,9.0
1739,2024-02-20 21:25:00,6.0
1740,2024-02-20 21:30:00,5.0
1741,2024-02-20 21:35:00,9.0
1742,2024-02-20 21:40:00,4.0
1743,2024-02-20 21:45:00,4.0
1744,2024-02-20 21:50:00,1.0
1745,2024-02-20 21:55:00,2.0
1746,2024-02-20 22:00:00,2.0
1747,2024-02-20 22:05:00,1.0
1748,2024-02-20 22:10:00,2.0
1749,2024-02-21 08:00:00,4.0
1750,2024-02-21 08:05:00,12.0
1751,2024-02-21 08:10:00,17.0
1752,2024-02-21 08:15:00,15.0
1753,2024-02-21 08:20:00,11.0
1754,2024-02-21 08:25:00,21.0
1755,2024-02-21 08:30:00,15.0
1756,2024-02-21 08:35:00,16.0
1757,2024-02-21 08:40:00,15.0
1758,2024-02-21 08:45:00,6.0
1759,2024-02-21 08:50:00,6.0
1760,2024-02-21 08:55:00,3.0
1761,2024-02-21 09:00:00,2.0
1762,2024-02-21 09:05:00,4.0
1763,2024-02-21 09:10:00,2.0
1764,2024-02-21 09:20:00,2.0
1765,2024-02-21 09:25:00,5.0
1766,2024-02-21 09:30:00,4.0
1767,2024-02-21 09:35:00,2.0
1768,2024-02-21 09:40:00,3.0
1769,2024-02-21 09:45:00,1.0
1770,2024-02-21 09:50:00,2.0
1771,2024-02-21 09:55:00,3.0
1772,2024-02-21 10:00:00,1.0
1773,2024-02-21 10:05:00,4.0
1774,2024-02-21 10:10:00,3.0
1775,2024-02-21 10:15:00,3.0
1776,2024-02-21 12:30:00,8.0
1777,2024-02-21 12:35:00,2.0
1778,2024-02-21 12:40:00,5.0
1779,2024-02-21 12:45:00,5.0
1780,2024-02-21 12:50:00,12.0
1781,2024-02-21 12:55:00,17.0
1782,2024-02-21 13:00:00,20.0
1783,2024-02-21 13:05:00,19.0
1784,2024-02-21 13:10:00,24.0
1785,2024-02-21 13:15:00,12.0
1786,2024-02-21 13:20:00,19.0
1787,2024-02-21 13:25:00,25.0
1788,2024-02-21 13:30:00,14.0
1789,2024-02-21 13:35:00,13.0
1790,2024-02-21 13:40:00,20.0
1791,2024-02-21 13:45:00,11.0
1792,2024-02-21 13:50:00,11.0
1793,2024-02-21 13:55:00,5.0
1794,2024-02-21 14:00:00,5.0
1795,2024-02-21 14:05:00,2.0
1796,2024-02-21 14:10:00,19.0
1797,2024-02-21 14:15:00,5.0
1798,2024-02-21 17:00:00,11.0
1799,2024-02-21 17:05:00,29.0
1800,2024-02-21 17:10:00,18.0
1801,2024-02-21 17:15:00,25.0
1802,2024-02-21 17:20:00,24.0
1803,2024-02-21 17:25:00,15.0
1804,2024-02-21 17:30:00,6.0
1805,2024-02-21 17:35:00,14.0
1806,2024-02-21 17:40:00,8.0
1807,2024-02-21 17:45:00,2.0
1808,2024-02-21 20:00:00,19.0
1809,2024-02-21 20:05:00,20.0
1810,2024-02-21 20:10:00,18.0
1811,2024-02-21 20:15:00,23.0
1812,2024-02-21 20:20:00,10.0
1813,2024-02-21 20:25:00,9.0
1814,2024-02-21 20:30:00,13.0
1815,2024-02-21 20:35:00,13.0
1816,2024-02-21 20:40:00,18.0
1817,2024-02-21 20:45:00,6.0
1818,2024-02-21 20:50:00,13.0
1819,2024-02-21 20:55:00,15.0
1820,2024-02-21 21:00:00,17.0
1821,2024-02-21 21:05:00,14.0
1822,2024-02-21 21:10:00,16.0
1823,2024-02-21 21:15:00,5.0
1824,2024-02-21 21:20:00,10.0
1825,2024-02-21 21:25:00,8.0
1826,2024-02-21 21:30:00,2.0
1827,2024-02-21 21:35:00,7.0
1828,2024-02-21 21:40:00,9.0
1829,2024-02-21 21:45:00,2.0
1830,2024-02-21 21:50:00,2.0
1831,2024-02-21 21:55:00,3.0
1832,2024-02-21 22:05:00,5.0
1833,2024-02-22 08:00:00,1.0
1834,2024-02-22 08:05:00,3.0
1835,2024-02-22 08:10:00,12.0
1836,2024-02-22 08:15:00,9.0
1837,2024-02-22 08:20:00,3.0
1838,2024-02-22 08:25:00,5.0
1839,2024-02-22 08:30:00,9.0
1840,2024-02-22 08:35:00,9.0
1841,2024-02-22 08:40:00,12.0
1842,2024-02-22 08:45:00,5.0
1843,2024-02-22 08:50:00,3.0
1844,2024-02-22 08:55:00,5.0
1845,2024-02-22 09:00:00,6.0
1846,2024-02-22 09:05:00,9.0
1847,2024-02-22 09:10:00,7.0
1848,2024-02-22 09:15:00,8.0
1849,2024-02-22 09:20:00,3.0
1850,2024-02-22 09:25:00,4.0
1851,2024-02-22 09:30:00,9.0
1852,2024-02-22 09:35:00,6.0
1853,2024-02-22 09:40:00,11.0
1854,2024-02-22 09:45:00,15.0
1855,2024-02-22 09:50:00,18.0
1856,2024-02-22 09:55:00,10.0
1857,2024-02-22 10:00:00,11.0
1858,2024-02-22 10:05:00,6.0
1859,2024-02-22 10:10:00,1.0
1860,2024-02-22 10:15:00,4.0
1861,2024-02-22 10:20:00,1.0
1862,2024-02-22 12:30:00,9.0
1863,2024-02-22 12:35:00,20.0
1864,2024-02-22 12:40:00,29.0
1865,2024-02-22 12:45:00,9.0
1866,2024-02-22 12:50:00,7.0
1867,2024-02-22 12:55:00,24.0
1868,2024-02-22 13:00:00,17.0
1869,2024-02-22 13:05:00,25.0
1870,2024-02-22 13:10:00,12.0
1871,2024-02-22 13:15:00,13.0
1872,2024-02-22 13:20:00,18.0
1873,2024-02-22 13:25:00,10.0
1874,2024-02-22 13:30:00,7.0
1875,2024-02-22 13:35:00,14.0
1876,2024-02-22 13:40:00,10.0
1877,2024-02-22 13:45:00,9.0
1878,2024-02-22 13:50:00,11.0
1879,2024-02-22 13:55:00,13.0
1880,2024-02-22 14:00:00,10.0
1881,2024-02-22 14:05:00,2.0
1882,2024-02-22 14:10:00,5.0
1883,2024-02-22 14:15:00,4.0
1884,2024-02-22 14:20:00,2.0
1885,2024-02-22 14:25:00,9.0
1886,2024-02-22 14:30:00,5.0
1887,2024-02-22 14:35:00,1.0
1888,2024-02-22 17:05:00,11.0
1889,2024-02-22 17:10:00,9.0
1890,2024-02-22 17:15:00,20.0
1891,2024-02-22 17:20:00,15.0
1892,2024-02-22 17:25:00,11.0
1893,2024-02-22 17:30:00,13.0
1894,2024-02-22 17:35:00,11.0
1895,2024-02-22 17:40:00,6.0
1896,2024-02-22 17:45:00,9.0
1897,2024-02-22 17:50:00,1.0
1898,2024-02-22 17:55:00,4.0
1899,2024-02-22 18:00:00,1.0
1900,2024-02-22 19:50:00,5.0
1901,2024-02-22 19:55:00,2.0
1902,2024-02-22 20:00:00,7.0
1903,2024-02-22 20:05:00,15.0
1904,2024-02-22 20:10:00,22.0
1905,2024-02-22 20:15:00,16.0
1906,2024-02-22 20:20:00,14.0
1907,2024-02-22 20:25:00,17.0
1908,2024-02-22 20:30:00,11.0
1909,2024-02-22 20:35:00,20.0
1910,2024-02-22 20:40:00,5.0
1911,2024-02-22 20:45:00,12.0
1912,2024-02-22 20:50:00,1.0
1913,2024-02-22 20:55:00,13.0
1914,2024-02-22 21:00:00,12.0
1915,2024-02-22 21:05:00,11.0
1916,2024-02-22 21:10:00,14.0
1917,2024-02-22 21:15:00,7.0
1918,2024-02-22 21:25:00,1.0
1919,2024-02-22 21:30:00,9.0
1920,2024-02-22 21:35:00,4.0
1921,2024-02-22 21:40:00,2.0
1922,2024-02-22 21:45:00,3.0
1923,2024-02-22 21:50:00,5.0
1924,2024-02-22 21:55:00,3.0
1925,2024-02-22 22:05:00,2.0
1926,2024-02-23 08:05:00,5.0
1927,2024-02-23 08:10:00,3.0
1928,2024-02-23 08:15:00,4.0
1929,2024-02-23 08:20:00,13.0
1930,2024-02-23 08:25:00,9.0
1931,2024-02-23 08:30:00,19.0
1932,2024-02-23 08:35:00,19.0
1933,2024-02-23 08:40:00,7.0
1934,2024-02-23 08:45:00,6.0
1935,2024-02-23 08:50:00,6.0
1936,2024-02-23 08:55:00,1.0
1937,2024-02-23 09:00:00,1.0
1938,2024-02-23 09:05:00,1.0
1939,2024-02-23 09:10:00,6.0
1940,2024-02-23 09:15:00,1.0
1941,2024-02-23 09:20:00,4.0
1942,2024-02-23 09:25:00,5.0
1943,2024-02-23 09:35:00,5.0
1944,2024-02-23 09:40:00,8.0
1945,2024-02-23 09:45:00,4.0
1946,2024-02-23 09:50:00,10.0
1947,2024-02-23 09:55:00,8.0
1948,2024-02-23 10:00:00,6.0
1949,2024-02-23 10:05:00,1.0
1950,2024-02-23 10:10:00,2.0
1951,2024-02-23 10:15:00,3.0
1952,2024-02-23 12:30:00,5.0
1953,2024-02-23 12:35:00,13.0
1954,2024-02-23 12:40:00,10.0
1955,2024-02-23 12:45:00,4.0
1956,2024-02-23 12:50:00,13.0
1957,2024-02-23 12:55:00,9.0
1958,2024-02-23 13:00:00,3.0
1959,2024-02-23 13:05:00,7.0
1960,2024-02-23 13:10:00,12.0
1961,2024-02-23 13:15:00,13.0
1962,2024-02-23 13:20:00,11.0
1963,2024-02-23 13:25:00,18.0
1964,2024-02-23 13:30:00,12.0
1965,2024-02-23 13:35:00,15.0
1966,2024-02-23 13:40:00,19.0
1967,2024-02-23 13:45:00,9.0
1968,2024-02-23 13:50:00,8.0
1969,2024-02-23 13:55:00,19.0
1970,2024-02-23 14:00:00,16.0
1971,2024-02-23 14:05:00,19.0
1972,2024-02-23 14:10:00,15.0
1973,2024-02-23 14:15:00,14.0
1974,2024-02-23 14:20:00,17.0
1975,2024-02-23 14:30:00,2.0
1976,2024-02-23 14:35:00,1.0
1977,2024-02-23 17:00:00,3.0
1978,2024-02-23 17:05:00,11.0
1979,2024-02-23 17:10:00,10.0
1980,2024-02-23 17:15:00,13.0
1981,2024-02-23 17:20:00,13.0
1982,2024-02-23 17:25:00,5.0
1983,2024-02-23 17:30:00,2.0
1984,2024-02-23 17:35:00,7.0
1985,2024-02-23 17:40:00,8.0
1986,2024-02-23 17:45:00,9.0
1987,2024-02-23 17:50:00,4.0
1988,2024-02-23 17:55:00,6.0
1989,2024-02-23 18:00:00,2.0
1990,2024-02-23 20:00:00,9.0
1991,2024-02-23 20:05:00,28.0
1992,2024-02-23 20:10:00,21.0
1993,2024-02-23 20:15:00,31.0
1994,2024-02-23 20:20:00,17.0
1995,2024-02-23 20:25:00,19.0
1996,2024-02-23 20:30:00,16.0
1997,2024-02-23 20:35:00,8.0
1998,2024-02-23 20:40:00,20.0
1999,2024-02-23 20:45:00,13.0
2000,2024-02-23 20:50:00,4.0
2001,2024-02-23 20:55:00,15.0
2002,2024-02-23 21:00:00,23.0
2003,2024-02-23 21:05:00,8.0
2004,2024-02-23 21:10:00,16.0
2005,2024-02-23 21:15:00,6.0
2006,2024-02-23 21:20:00,9.0
2007,2024-02-23 21:25:00,1.0
2008,2024-02-23 21:30:00,1.0
2009,2024-02-23 21:35:00,7.0
2010,2024-02-23 21:40:00,6.0
2011,2024-02-23 21:45:00,6.0
2012,2024-02-23 21:50:00,4.0
2013,2024-02-23 21:55:00,3.0
2014,2024-02-23 22:00:00,1.0
2015,2024-02-23 22:05:00,1.0
2016,2024-02-23 22:10:00,2.0
2017,2024-02-24 08:00:00,2.0
2018,2024-02-24 08:05:00,12.0
2019,2024-02-24 08:10:00,7.0
2020,2024-02-24 08:15:00,6.0
2021,2024-02-24 08:20:00,17.0
2022,2024-02-24 08:25:00,22.0
2023,2024-02-24 08:30:00,9.0
2024,2024-02-24 08:35:00,19.0
2025,2024-02-24 08:40:00,15.0
2026,2024-02-24 08:45:00,8.0
2027,2024-02-24 08:50:00,2.0
2028,2024-02-24 08:55:00,3.0
2029,2024-02-24 09:00:00,4.0
2030,2024-02-24 09:05:00,2.0
2031,2024-02-24 09:10:00,4.0
2032,2024-02-24 09:15:00,2.0
2033,2024-02-24 09:20:00,2.0
2034,2024-02-24 09:25:00,4.0
2035,2024-02-24 09:30:00,4.0
2036,2024-02-24 09:35:00,6.0
2037,2024-02-24 09:40:00,1.0
2038,2024-02-24 09:45:00,3.0
2039,2024-02-24 09:50:00,6.0
2040,2024-02-24 09:55:00,5.0
2041,2024-02-24 10:00:00,3.0
2042,2024-02-24 10:05:00,2.0
2043,2024-02-24 10:10:00,3.0
2044,2024-02-24 10:15:00,3.0
2045,2024-02-24 12:25:00,10.0
2046,2024-02-24 12:30:00,18.0
2047,2024-02-24 12:35:00,21.0
2048,2024-02-24 12:40:00,18.0
2049,2024-02-24 12:45:00,23.0
2050,2024-02-24 12:50:00,19.0
2051,2024-02-24 12:55:00,30.0
2052,2024-02-24 13:00:00,16.0
2053,2024-02-24 13:05:00,11.0
2054,2024-02-24 13:10:00,14.0
2055,2024-02-24 13:15:00,9.0
2056,2024-02-24 13:20:00,12.0
2057,2024-02-24 13:25:00,12.0
2058,2024-02-24 13:30:00,9.0
2059,2024-02-24 13:35:00,22.0
2060,2024-02-24 13:40:00,8.0
2061,2024-02-24 13:45:00,3.0
2062,2024-02-24 13:50:00,5.0
2063,2024-02-24 13:55:00,3.0
2064,2024-02-24 14:00:00,8.0
2065,2024-02-24 14:05:00,3.0
2066,2024-02-24 14:10:00,13.0
2067,2024-02-24 14:15:00,2.0
2068,2024-02-24 14:20:00,5.0
2069,2024-02-24 14:25:00,5.0
2070,2024-02-24 14:30:00,4.0
2071,2024-02-24 17:00:00,4.0
2072,2024-02-24 17:05:00,14.0
2073,2024-02-24 17:10:00,28.0
2074,2024-02-24 17:15:00,22.0
2075,2024-02-24 17:20:00,15.0
2076,2024-02-24 17:25:00,8.0
2077,2024-02-24 17:30:00,9.0
2078,2024-02-24 17:35:00,7.0
2079,2024-02-24 17:40:00,12.0
2080,2024-02-24 17:45:00,4.0
2081,2024-02-24 17:50:00,9.0
2082,2024-02-24 17:55:00,3.0
2083,2024-02-24 18:00:00,1.0
2084,2024-02-24 19:55:00,2.0
2085,2024-02-24 20:00:00,8.0
2086,2024-02-24 20:05:00,6.0
2087,2024-02-24 20:10:00,11.0
2088,2024-02-24 20:15:00,13.0
2089,2024-02-24 20:20:00,21.0
2090,2024-02-24 20:25:00,17.0
2091,2024-02-24 20:30:00,17.0
2092,2024-02-24 20:35:00,19.0
2093,2024-02-24 20:40:00,12.0
2094,2024-02-24 20:45:00,8.0
2095,2024-02-24 20:50:00,16.0
2096,2024-02-24 20:55:00,12.0
2097,2024-02-24 21:00:00,11.0
2098,2024-02-24 21:05:00,23.0
2099,2024-02-24 21:10:00,18.0
2100,2024-02-24 21:15:00,8.0
2101,2024-02-24 21:20:00,21.0
2102,2024-02-24 21:25:00,7.0
2103,2024-02-24 21:30:00,7.0
2104,2024-02-24 21:35:00,6.0
2105,2024-02-24 21:40:00,9.0
2106,2024-02-24 21:45:00,3.0
2107,2024-02-24 21:50:00,5.0
2108,2024-02-24 21:55:00,1.0
2109,2024-02-24 22:00:00,2.0
2110,2024-02-25 08:00:00,2.0
2111,2024-02-25 08:05:00,2.0
2112,2024-02-25 08:15:00,2.0
2113,2024-02-25 08:25:00,3.0
2114,2024-02-25 08:30:00,2.0
2115,2024-02-25 08:40:00,5.0
2116,2024-02-25 08:45:00,9.0
2117,2024-02-25 08:50:00,8.0
2118,2024-02-25 08:55:00,1.0
2119,2024-02-25 09:00:00,3.0
2120,2024-02-25 09:05:00,10.0
2121,2024-02-25 09:10:00,6.0
2122,2024-02-25 09:15:00,4.0
2123,2024-02-25 09:20:00,7.0
2124,2024-02-25 09:25:00,4.0
2125,2024-02-25 09:30:00,11.0
2126,2024-02-25 09:35:00,9.0
2127,2024-02-25 09:40:00,5.0
2128,2024-02-25 09:45:00,9.0
2129,2024-02-25 09:50:00,7.0
2130,2024-02-25 09:55:00,21.0
2131,2024-02-25 10:00:00,14.0
2132,2024-02-25 10:05:00,8.0
2133,2024-02-25 10:10:00,15.0
2134,2024-02-25 10:15:00,3.0
2135,2024-02-25 10:20:00,2.0
2136,2024-02-25 10:30:00,1.0
2137,2024-02-25 12:30:00,11.0
2138,2024-02-25 12:35:00,16.0
2139,2024-02-25 12:40:00,9.0
2140,2024-02-25 12:45:00,5.0
2141,2024-02-25 12:50:00,5.0
2142,2024-02-25 12:55:00,11.0
2143,2024-02-25 13:00:00,5.0
2144,2024-02-25 13:05:00,11.0
2145,2024-02-25 13:10:00,13.0
2146,2024-02-25 13:15:00,7.0
2147,2024-02-25 13:20:00,20.0
2148,2024-02-25 13:25:00,12.0
2149,2024-02-25 13:30:00,23.0
2150,2024-02-25 13:35:00,20.0
2151,2024-02-25 13:40:00,8.0
2152,2024-02-25 13:45:00,14.0
2153,2024-02-25 13:50:00,19.0
2154,2024-02-25 13:55:00,17.0
2155,2024-02-25 14:00:00,8.0
2156,2024-02-25 14:05:00,7.0
2157,2024-02-25 14:10:00,13.0
2158,2024-02-25 14:15:00,6.0
2159,2024-02-25 14:20:00,18.0
2160,2024-02-25 14:25:00,9.0
2161,2024-02-25 14:30:00,5.0
2162,2024-02-25 14:45:00,1.0
2163,2024-02-25 16:55:00,1.0
2164,2024-02-25 17:00:00,8.0
2165,2024-02-25 17:05:00,4.0
2166,2024-02-25 17:10:00,4.0
2167,2024-02-25 17:15:00,3.0
2168,2024-02-25 17:20:00,6.0
2169,2024-02-25 17:25:00,2.0
2170,2024-02-25 17:30:00,6.0
2171,2024-02-25 17:35:00,5.0
2172,2024-02-25 17:40:00,5.0
2173,2024-02-25 17:45:00,2.0
2174,2024-02-25 17:50:00,2.0
2175,2024-02-25 17:55:00,8.0
2176,2024-02-25 18:00:00,2.0
2177,2024-02-25 18:05:00,2.0
2178,2024-02-25 20:00:00,2.0
2179,2024-02-25 20:05:00,14.0
2180,2024-02-25 20:10:00,19.0
2181,2024-02-25 20:15:00,7.0
2182,2024-02-25 20:20:00,16.0
2183,2024-02-25 20:25:00,5.0
2184,2024-02-25 20:30:00,20.0
2185,2024-02-25 20:35:00,7.0
2186,2024-02-25 20:40:00,20.0
2187,2024-02-25 20:45:00,22.0
2188,2024-02-25 20:50:00,15.0
2189,2024-02-25 20:55:00,12.0
2190,2024-02-25 21:00:00,3.0
2191,2024-02-25 21:05:00,20.0
2192,2024-02-25 21:10:00,8.0
2193,2024-02-25 21:15:00,12.0
2194,2024-02-25 21:20:00,7.0
2195,2024-02-25 21:25:00,8.0
2196,2024-02-25 21:30:00,13.0
2197,2024-02-25 21:35:00,9.0
2198,2024-02-25 21:40:00,9.0
2199,2024-02-25 21:45:00,5.0
2200,2024-02-25 21:50:00,3.0
2201,2024-02-25 21:55:00,5.0
2202,2024-02-25 22:00:00,3.0
2203,2024-02-26 08:25:00,3.0
2204,2024-02-26 08:30:00,5.0
2205,2024-02-26 08:40:00,2.0
2206,2024-02-26 08:45:00,2.0
2207,2024-02-26 08:50:00,5.0
2208,2024-02-26 08:55:00,5.0
2209,2024-02-26 09:00:00,9.0
2210,2024-02-26 09:05:00,6.0
2211,2024-02-26 09:10:00,7.0
2212,2024-02-26 09:15:00,4.0
2213,2024-02-26 09:20:00,8.0
2214,2024-02-26 09:25:00,5.0
2215,2024-02-26 09:30:00,8.0
2216,2024-02-26 09:35:00,13.0
2217,2024-02-26 09:40:00,4.0
2218,2024-02-26 09:45:00,4.0
2219,2024-02-26 09:50:00,7.0
2220,2024-02-26 09:55:00,16.0
2221,2024-02-26 10:00:00,13.0
2222,2024-02-26 10:05:00,9.0
2223,2024-02-26 10:10:00,8.0
2224,2024-02-26 10:15:00,5.0
2225,2024-02-26 12:20:00,1.0
2226,2024-02-26 12:25:00,3.0
2227,2024-02-26 12:30:00,11.0
2228,2024-02-26 12:35:00,25.0
2229,2024-02-26 12:40:00,23.0
2230,2024-02-26 12:45:00,13.0
2231,2024-02-26 12:50:00,13.0
2232,2024-02-26 12:55:00,14.0
2233,2024-02-26 13:00:00,11.0
2234,2024-02-26 13:05:00,10.0
2235,2024-02-26 13:10:00,15.0
2236,2024-02-26 13:15:00,17.0
2237,2024-02-26 13:20:00,9.0
2238,2024-02-26 13:25:00,14.0
2239,2024-02-26 13:30:00,14.0
2240,2024-02-26 13:35:00,11.0
2241,2024-02-26 13:40:00,16.0
2242,2024-02-26 13:45:00,12.0
2243,2024-02-26 13:50:00,17.0
2244,2024-02-26 13:55:00,8.0
2245,2024-02-26 14:00:00,8.0
2246,2024-02-26 14:05:00,8.0
2247,2024-02-26 14:10:00,18.0
2248,2024-02-26 14:15:00,1.0
2249,2024-02-26 14:20:00,9.0
2250,2024-02-26 14:25:00,7.0
2251,2024-02-26 16:55:00,1.0
2252,2024-02-26 17:00:00,15.0
2253,2024-02-26 17:05:00,7.0
2254,2024-02-26 17:10:00,11.0
2255,2024-02-26 17:15:00,4.0
2256,2024-02-26 17:20:00,5.0
2257,2024-02-26 17:25:00,5.0
2258,2024-02-26 17:30:00,4.0
2259,2024-02-26 17:35:00,12.0
2260,2024-02-26 17:40:00,9.0
2261,2024-02-26 17:45:00,7.0
2262,2024-02-26 17:50:00,2.0
2263,2024-02-26 17:55:00,4.0
2264,2024-02-26 18:10:00,2.0
2265,2024-02-26 19:55:00,3.0
2266,2024-02-26 20:00:00,4.0
2267,2024-02-26 20:05:00,17.0
2268,2024-02-26 20:10:00,12.0
2269,2024-02-26 20:15:00,21.0
2270,2024-02-26 20:20:00,18.0
2271,2024-02-26 20:25:00,13.0
2272,2024-02-26 20:30:00,19.0
2273,2024-02-26 20:35:00,10.0
2274,2024-02-26 20:40:00,15.0
2275,2024-02-26 20:45:00,10.0
2276,2024-02-26 20:50:00,14.0
2277,2024-02-26 20:55:00,9.0
2278,2024-02-26 21:00:00,5.0
2279,2024-02-26 21:05:00,12.0
2280,2024-02-26 21:10:00,12.0
2281,2024-02-26 21:15:00,11.0
2282,2024-02-26 21:20:00,9.0
2283,2024-02-26 21:25:00,8.0
2284,2024-02-26 21:30:00,2.0
2285,2024-02-26 21:35:00,8.0
2286,2024-02-26 21:40:00,3.0
2287,2024-02-26 21:45:00,6.0
2288,2024-02-26 21:50:00,5.0
2289,2024-02-26 21:55:00,4.0
2290,2024-02-26 22:00:00,2.0
2291,2024-02-26 22:10:00,3.0
2292,2024-02-27 07:55:00,1.0
2293,2024-02-27 08:00:00,7.0
2294,2024-02-27 08:05:00,7.0
2295,2024-02-27 08:10:00,18.0
2296,2024-02-27 08:15:00,9.0
2297,2024-02-27 08:20:00,8.0
2298,2024-02-27 08:25:00,3.0
2299,2024-02-27 08:30:00,5.0
2300,2024-02-27 08:35:00,1.0
2301,2024-02-27 08:40:00,3.0
2302,2024-02-27 08:45:00,5.0
2303,2024-02-27 08:50:00,1.0
2304,2024-02-27 08:55:00,2.0
2305,2024-02-27 09:00:00,10.0
2306,2024-02-27 09:05:00,6.0
2307,2024-02-27 09:10:00,6.0
2308,2024-02-27 09:15:00,12.0
2309,2024-02-27 09:20:00,13.0
2310,2024-02-27 09:25:00,4.0
2311,2024-02-27 09:30:00,13.0
2312,2024-02-27 09:35:00,17.0
2313,2024-02-27 09:40:00,15.0
2314,2024-02-27 09:45:00,5.0
2315,2024-02-27 09:50:00,22.0
2316,2024-02-27 09:55:00,15.0
2317,2024-02-27 10:00:00,7.0
2318,2024-02-27 10:05:00,13.0
2319,2024-02-27 10:10:00,6.0
2320,2024-02-27 10:15:00,3.0
2321,2024-02-27 10:20:00,2.0
2322,2024-02-27 10:25:00,1.0
2323,2024-02-27 12:25:00,2.0
2324,2024-02-27 12:30:00,5.0
2325,2024-02-27 12:35:00,26.0
2326,2024-02-27 12:40:00,17.0
2327,2024-02-27 12:45:00,25.0
2328,2024-02-27 12:50:00,12.0
2329,2024-02-27 12:55:00,19.0
2330,2024-02-27 13:00:00,14.0
2331,2024-02-27 13:05:00,13.0
2332,2024-02-27 13:10:00,17.0
2333,2024-02-27 13:15:00,14.0
2334,2024-02-27 13:20:00,20.0
2335,2024-02-27 13:25:00,13.0
2336,2024-02-27 13:30:00,14.0
2337,2024-02-27 13:35:00,16.0
2338,2024-02-27 13:40:00,16.0
2339,2024-02-27 13:45:00,7.0
2340,2024-02-27 13:50:00,17.0
2341,2024-02-27 13:55:00,11.0
2342,2024-02-27 14:00:00,5.0
2343,2024-02-27 14:05:00,10.0
2344,2024-02-27 14:10:00,10.0
2345,2024-02-27 14:15:00,2.0
2346,2024-02-27 14:20:00,4.0
2347,2024-02-27 14:25:00,3.0
2348,2024-02-27 14:30:00,4.0
2349,2024-02-27 17:00:00,1.0
2350,2024-02-27 17:05:00,3.0
2351,2024-02-27 17:10:00,8.0
2352,2024-02-27 17:15:00,15.0
2353,2024-02-27 17:20:00,11.0
2354,2024-02-27 17:25:00,7.0
2355,2024-02-27 17:30:00,5.0
2356,2024-02-27 17:35:00,14.0
2357,2024-02-27 17:40:00,19.0
2358,2024-02-27 17:45:00,7.0
2359,2024-02-27 17:50:00,10.0
2360,2024-02-27 17:55:00,3.0
2361,2024-02-27 18:00:00,2.0
2362,2024-02-27 18:05:00,3.0
2363,2024-02-27 20:00:00,7.0
2364,2024-02-27 20:05:00,17.0
2365,2024-02-27 20:10:00,19.0
2366,2024-02-27 20:15:00,10.0
2367,2024-02-27 20:20:00,7.0
2368,2024-02-27 20:25:00,21.0
2369,2024-02-27 20:30:00,9.0
2370,2024-02-27 20:35:00,17.0
2371,2024-02-27 20:40:00,14.0
2372,2024-02-27 20:45:00,9.0
2373,2024-02-27 20:50:00,8.0
2374,2024-02-27 20:55:00,14.0
2375,2024-02-27 21:00:00,14.0
2376,2024-02-27 21:05:00,10.0
2377,2024-02-27 21:10:00,7.0
2378,2024-02-27 21:15:00,3.0
2379,2024-02-27 21:20:00,6.0
2380,2024-02-27 21:25:00,12.0
2381,2024-02-27 21:30:00,12.0
2382,2024-02-27 21:35:00,14.0
2383,2024-02-27 21:40:00,6.0
2384,2024-02-27 21:45:00,7.0
2385,2024-02-27 21:50:00,8.0
2386,2024-02-27 21:55:00,4.0
2387,2024-02-27 22:00:00,2.0
2388,2024-02-28 08:00:00,5.0
2389,2024-02-28 08:05:00,8.0
2390,2024-02-28 08:10:00,14.0
2391,2024-02-28 08:15:00,15.0
2392,2024-02-28 08:20:00,10.0
2393,2024-02-28 08:25:00,5.0
2394,2024-02-28 08:30:00,4.0
2395,2024-02-28 08:35:00,3.0
2396,2024-02-28 08:40:00,5.0
2397,2024-02-28 08:45:00,1.0
2398,2024-02-28 08:50:00,5.0
2399,2024-02-28 09:00:00,6.0
2400,2024-02-28 09:05:00,8.0
2401,2024-02-28 09:10:00,13.0
2402,2024-02-28 09:15:00,7.0
2403,2024-02-28 09:20:00,13.0
2404,2024-02-28 09:25:00,8.0
2405,2024-02-28 09:30:00,6.0
2406,2024-02-28 09:35:00,10.0
2407,2024-02-28 09:40:00,4.0
2408,2024-02-28 09:45:00,2.0
2409,2024-02-28 09:50:00,3.0
2410,2024-02-28 09:55:00,4.0
2411,2024-02-28 10:00:00,9.0
2412,2024-02-28 10:05:00,3.0
2413,2024-02-28 10:10:00,4.0
2414,2024-02-28 10:15:00,2.0
2415,2024-02-28 12:25:00,1.0
2416,2024-02-28 12:30:00,11.0
2417,2024-02-28 12:35:00,9.0
2418,2024-02-28 12:40:00,6.0
2419,2024-02-28 12:45:00,20.0
2420,2024-02-28 12:50:00,3.0
2421,2024-02-28 12:55:00,5.0
2422,2024-02-28 13:00:00,6.0
2423,2024-02-28 13:05:00,16.0
2424,2024-02-28 13:10:00,14.0
2425,2024-02-28 13:15:00,25.0
2426,2024-02-28 13:20:00,18.0
2427,2024-02-28 13:25:00,21.0
2428,2024-02-28 13:30:00,9.0
2429,2024-02-28 13:35:00,18.0
2430,2024-02-28 13:40:00,18.0
2431,2024-02-28 13:45:00,17.0
2432,2024-02-28 13:50:00,13.0
2433,2024-02-28 13:55:00,18.0
2434,2024-02-28 14:00:00,17.0
2435,2024-02-28 14:05:00,14.0
2436,2024-02-28 14:10:00,13.0
2437,2024-02-28 14:15:00,4.0
2438,2024-02-28 14:20:00,3.0
2439,2024-02-28 14:25:00,1.0
2440,2024-02-28 14:30:00,1.0
2441,2024-02-28 17:05:00,14.0
2442,2024-02-28 17:10:00,10.0
2443,2024-02-28 17:15:00,9.0
2444,2024-02-28 17:20:00,6.0
2445,2024-02-28 17:25:00,9.0
2446,2024-02-28 17:30:00,4.0
2447,2024-02-28 17:35:00,7.0
2448,2024-02-28 17:40:00,13.0
2449,2024-02-28 17:45:00,8.0
2450,2024-02-28 17:50:00,6.0
2451,2024-02-28 17:55:00,2.0
2452,2024-02-28 18:00:00,6.0
2453,2024-02-28 19:55:00,5.0
2454,2024-02-28 20:00:00,7.0
2455,2024-02-28 20:05:00,18.0
2456,2024-02-28 20:10:00,10.0
2457,2024-02-28 20:15:00,5.0
2458,2024-02-28 20:20:00,14.0
2459,2024-02-28 20:25:00,16.0
2460,2024-02-28 20:30:00,15.0
2461,2024-02-28 20:35:00,22.0
2462,2024-02-28 20:40:00,11.0
2463,2024-02-28 20:45:00,5.0
2464,2024-02-28 20:50:00,8.0
2465,2024-02-28 20:55:00,4.0
2466,2024-02-28 21:00:00,15.0
2467,2024-02-28 21:05:00,3.0
2468,2024-02-28 21:10:00,8.0
2469,2024-02-28 21:15:00,14.0
2470,2024-02-28 21:20:00,8.0
2471,2024-02-28 21:25:00,13.0
2472,2024-02-28 21:30:00,3.0
2473,2024-02-28 21:35:00,9.0
2474,2024-02-28 21:40:00,3.0
2475,2024-02-28 21:45:00,16.0
2476,2024-02-28 21:50:00,8.0
2477,2024-02-28 21:55:00,2.0
2478,2024-02-28 22:05:00,5.0
2479,2024-02-29 07:55:00,2.0
2480,2024-02-29 08:00:00,6.0
2481,2024-02-29 08:05:00,8.0
2482,2024-02-29 08:10:00,9.0
2483,2024-02-29 08:15:00,7.0
2484,2024-02-29 08:20:00,12.0
2485,2024-02-29 08:25:00,6.0
2486,2024-02-29 08:30:00,2.0
2487,2024-02-29 08:35:00,2.0
2488,2024-02-29 08:40:00,3.0
2489,2024-02-29 08:45:00,3.0
2490,2024-02-29 08:50:00,6.0
2491,2024-02-29 08:55:00,9.0
2492,2024-02-29 09:00:00,5.0
2493,2024-02-29 09:05:00,9.0
2494,2024-02-29 09:10:00,6.0
2495,2024-02-29 09:15:00,8.0
2496,2024-02-29 09:20:00,13.0
2497,2024-02-29 09:25:00,14.0
2498,2024-02-29 09:30:00,4.0
2499,2024-02-29 09:35:00,5.0
2500,2024-02-29 09:40:00,7.0
2501,2024-02-29 09:45:00,9.0
2502,2024-02-29 09:50:00,15.0
2503,2024-02-29 09:55:00,11.0
2504,2024-02-29 10:00:00,16.0
2505,2024-02-29 10:05:00,12.0
2506,2024-02-29 10:10:00,10.0
2507,2024-02-29 10:15:00,3.0
2508,2024-02-29 12:30:00,12.0
2509,2024-02-29 12:35:00,25.0
2510,2024-02-29 12:40:00,23.0
2511,2024-02-29 12:45:00,9.0
2512,2024-02-29 12:50:00,17.0
2513,2024-02-29 12:55:00,9.0
2514,2024-02-29 13:00:00,4.0
2515,2024-02-29 13:05:00,14.0
2516,2024-02-29 13:10:00,16.0
2517,2024-02-29 13:15:00,14.0
2518,2024-02-29 13:20:00,9.0
2519,2024-02-29 13:25:00,12.0
2520,2024-02-29 13:30:00,18.0
2521,2024-02-29 13:35:00,6.0
2522,2024-02-29 14:00:00,12.0
2523,2024-02-29 14:05:00,5.0
2524,2024-02-29 14:10:00,10.0
2525,2024-02-29 14:15:00,8.0
2526,2024-02-29 14:20:00,2.0
2527,2024-02-29 14:25:00,6.0
2528,2024-02-29 14:30:00,1.0
2529,2024-02-29 17:05:00,11.0
2530,2024-02-29 17:10:00,10.0
2531,2024-02-29 17:15:00,10.0
2532,2024-02-29 17:20:00,10.0
2533,2024-02-29 17:25:00,7.0
2534,2024-02-29 17:30:00,12.0
2535,2024-02-29 17:35:00,10.0
2536,2024-02-29 17:40:00,26.0
2537,2024-02-29 17:45:00,19.0
2538,2024-02-29 17:50:00,12.0
2539,2024-02-29 17:55:00,7.0
2540,2024-02-29 18:00:00,3.0
2541,2024-02-29 18:05:00,3.0
2542,2024-02-29 18:10:00,1.0
2543,2024-02-29 18:15:00,2.0
2544,2024-02-29 19:55:00,2.0
2545,2024-02-29 20:00:00,8.0
2546,2024-02-29 20:05:00,12.0
2547,2024-02-29 20:10:00,18.0
2548,2024-02-29 20:15:00,20.0
2549,2024-02-29 20:20:00,11.0
2550,2024-02-29 20:25:00,18.0
2551,2024-02-29 20:30:00,17.0
2552,2024-02-29 20:35:00,9.0
2553,2024-02-29 20:40:00,19.0
2554,2024-02-29 20:45:00,10.0
2555,2024-02-29 20:50:00,11.0
2556,2024-02-29 20:55:00,15.0
2557,2024-02-29 21:00:00,12.0
2558,2024-02-29 21:05:00,9.0
2559,2024-02-29 21:10:00,7.0
2560,2024-02-29 21:15:00,7.0
2561,2024-02-29 21:20:00,14.0
2562,2024-02-29 21:25:00,13.0
2563,2024-02-29 21:30:00,5.0
2564,2024-02-29 21:35:00,2.0
2565,2024-02-29 21:55:00,11.0
2566,2024-02-29 22:05:00,1.0
2567,2024-03-01 08:00:00,2.0
2568,2024-03-01 08:05:00,8.0
2569,2024-03-01 08:10:00,4.0
2570,2024-03-01 08:15:00,3.0
2571,2024-03-01 08:20:00,7.0
2572,2024-03-01 08:25:00,1.0
2573,2024-03-01 08:30:00,1.0
2574,2024-03-01 08:35:00,4.0
2575,2024-03-01 08:40:00,3.0
2576,2024-03-01 08:45:00,2.0
2577,2024-03-01 08:55:00,3.0
2578,2024-03-01 09:00:00,4.0
2579,2024-03-01 09:05:00,11.0
2580,2024-03-01 09:10:00,13.0
2581,2024-03-01 09:15:00,17.0
2582,2024-03-01 09:20:00,15.0
2583,2024-03-01 09:25:00,6.0
2584,2024-03-01 09:30:00,7.0
2585,2024-03-01 09:35:00,5.0
2586,2024-03-01 09:40:00,11.0
2587,2024-03-01 09:45:00,7.0
2588,2024-03-01 09:50:00,2.0
2589,2024-03-01 09:55:00,1.0
2590,2024-03-01 10:00:00,2.0
2591,2024-03-01 10:05:00,5.0
2592,2024-03-01 10:10:00,2.0
2593,2024-03-01 10:15:00,7.0
2594,2024-03-01 10:20:00,4.0
2595,2024-03-01 12:30:00,10.0
2596,2024-03-01 12:35:00,10.0
2597,2024-03-01 12:40:00,18.0
2598,2024-03-01 12:45:00,27.0
2599,2024-03-01 12:50:00,11.0
2600,2024-03-01 12:55:00,7.0
2601,2024-03-01 13:00:00,6.0
2602,2024-03-01 13:05:00,10.0
2603,2024-03-01 13:10:00,16.0
2604,2024-03-01 13:15:00,18.0
2605,2024-03-01 13:20:00,22.0
2606,2024-03-01 13:25:00,27.0
2607,2024-03-01 13:30:00,19.0
2608,2024-03-01 13:35:00,10.0
2609,2024-03-01 13:40:00,10.0
2610,2024-03-01 13:45:00,16.0
2611,2024-03-01 13:50:00,12.0
2612,2024-03-01 13:55:00,13.0
2613,2024-03-01 14:00:00,14.0
2614,2024-03-01 14:05:00,13.0
2615,2024-03-01 14:10:00,9.0
2616,2024-03-01 14:15:00,9.0
2617,2024-03-01 14:20:00,1.0
2618,2024-03-01 14:25:00,4.0
2619,2024-03-01 14:30:00,2.0
2620,2024-03-01 17:05:00,4.0
2621,2024-03-01 17:10:00,6.0
2622,2024-03-01 17:15:00,7.0
2623,2024-03-01 17:20:00,10.0
2624,2024-03-01 17:25:00,9.0
2625,2024-03-01 17:30:00,5.0
2626,2024-03-01 17:35:00,6.0
2627,2024-03-01 17:40:00,17.0
2628,2024-03-01 17:45:00,9.0
2629,2024-03-01 17:50:00,7.0
2630,2024-03-01 17:55:00,2.0
2631,2024-03-01 19:55:00,2.0
2632,2024-03-01 20:00:00,6.0
2633,2024-03-01 20:05:00,9.0
2634,2024-03-01 20:10:00,13.0
2635,2024-03-01 20:15:00,20.0
2636,2024-03-01 20:20:00,11.0
2637,2024-03-01 20:25:00,5.0
2638,2024-03-01 20:30:00,11.0
2639,2024-03-01 20:35:00,10.0
2640,2024-03-01 20:40:00,9.0
2641,2024-03-01 20:45:00,15.0
2642,2024-03-01 20:50:00,9.0
2643,2024-03-01 20:55:00,11.0
2644,2024-03-01 21:00:00,11.0
2645,2024-03-01 21:05:00,15.0
2646,2024-03-01 21:10:00,18.0
2647,2024-03-01 21:15:00,11.0
2648,2024-03-01 21:20:00,15.0
2649,2024-03-01 21:25:00,8.0
2650,2024-03-01 21:30:00,11.0
2651,2024-03-01 21:35:00,8.0
2652,2024-03-01 21:40:00,11.0
2653,2024-03-01 21:45:00,4.0
2654,2024-03-01 21:50:00,2.0
2655,2024-03-01 21:55:00,4.0
2656,2024-03-01 22:00:00,2.0
2657,2024-03-01 22:10:00,3.0
2658,2024-03-01 22:15:00,3.0
2659,2024-03-02 08:05:00,1.0
2660,2024-03-02 08:10:00,2.0
2661,2024-03-02 08:15:00,4.0
2662,2024-03-02 08:20:00,6.0
2663,2024-03-02 08:25:00,6.0
2664,2024-03-02 08:30:00,4.0
2665,2024-03-02 08:35:00,3.0
2666,2024-03-02 08:40:00,6.0
2667,2024-03-02 08:45:00,8.0
2668,2024-03-02 08:50:00,5.0
2669,2024-03-02 08:55:00,9.0
2670,2024-03-02 09:00:00,9.0
2671,2024-03-02 09:05:00,6.0
2672,2024-03-02 09:10:00,10.0
2673,2024-03-02 09:15:00,3.0
2674,2024-03-02 09:20:00,6.0
2675,2024-03-02 09:25:00,7.0
2676,2024-03-02 09:30:00,11.0
2677,2024-03-02 09:35:00,8.0
2678,2024-03-02 09:40:00,10.0
2679,2024-03-02 09:45:00,10.0
2680,2024-03-02 09:50:00,12.0
2681,2024-03-02 09:55:00,18.0
2682,2024-03-02 10:00:00,19.0
2683,2024-03-02 10:05:00,14.0
2684,2024-03-02 10:10:00,11.0
2685,2024-03-02 10:15:00,4.0
2686,2024-03-02 10:20:00,2.0
2687,2024-03-02 10:25:00,2.0
2688,2024-03-02 12:25:00,3.0
2689,2024-03-02 12:30:00,9.0
2690,2024-03-02 12:35:00,20.0
2691,2024-03-02 12:40:00,23.0
2692,2024-03-02 12:45:00,8.0
2693,2024-03-02 12:50:00,17.0
2694,2024-03-02 12:55:00,16.0
2695,2024-03-02 13:00:00,14.0
2696,2024-03-02 13:05:00,13.0
2697,2024-03-02 13:10:00,25.0
2698,2024-03-02 13:15:00,21.0
2699,2024-03-02 13:20:00,14.0
2700,2024-03-02 13:25:00,25.0
2701,2024-03-02 13:30:00,33.0
2702,2024-03-02 13:35:00,17.0
2703,2024-03-02 13:40:00,21.0
2704,2024-03-02 13:45:00,13.0
2705,2024-03-02 13:50:00,11.0
2706,2024-03-02 13:55:00,16.0
2707,2024-03-02 14:00:00,9.0
2708,2024-03-02 14:05:00,10.0
2709,2024-03-02 14:10:00,14.0
2710,2024-03-02 14:15:00,18.0
2711,2024-03-02 14:20:00,9.0
2712,2024-03-02 14:25:00,3.0
2713,2024-03-02 16:55:00,3.0
2714,2024-03-02 17:00:00,1.0
2715,2024-03-02 17:05:00,5.0
2716,2024-03-02 17:10:00,14.0
2717,2024-03-02 17:15:00,13.0
2718,2024-03-02 17:20:00,3.0
2719,2024-03-02 17:25:00,6.0
2720,2024-03-02 17:30:00,4.0
2721,2024-03-02 17:35:00,4.0
2722,2024-03-02 17:40:00,3.0
2723,2024-03-02 17:45:00,3.0
2724,2024-03-02 17:50:00,5.0
2725,2024-03-02 17:55:00,6.0
2726,2024-03-02 18:00:00,1.0
2727,2024-03-02 18:05:00,3.0
2728,2024-03-02 19:55:00,3.0
2729,2024-03-02 20:00:00,2.0
2730,2024-03-02 20:15:00,11.0
2731,2024-03-02 20:20:00,9.0
2732,2024-03-02 20:25:00,12.0
2733,2024-03-02 20:30:00,19.0
2734,2024-03-02 20:35:00,8.0
2735,2024-03-02 20:40:00,14.0
2736,2024-03-02 20:45:00,17.0
2737,2024-03-02 20:50:00,17.0
2738,2024-03-02 20:55:00,11.0
2739,2024-03-02 21:00:00,7.0
2740,2024-03-02 21:05:00,13.0
2741,2024-03-02 21:10:00,12.0
2742,2024-03-02 21:15:00,10.0
2743,2024-03-02 21:20:00,5.0
2744,2024-03-02 21:25:00,7.0
2745,2024-03-02 21:30:00,9.0
2746,2024-03-02 21:35:00,5.0
2747,2024-03-02 21:40:00,5.0
2748,2024-03-02 21:45:00,5.0
2749,2024-03-02 21:50:00,3.0
2750,2024-03-02 21:55:00,1.0
2751,2024-03-02 22:00:00,4.0
2752,2024-03-02 22:15:00,1.0
2753,2024-03-03 08:00:00,1.0
2754,2024-03-03 08:05:00,4.0
2755,2024-03-03 08:10:00,2.0
2756,2024-03-03 08:20:00,2.0
2757,2024-03-03 08:25:00,1.0
2758,2024-03-03 08:30:00,4.0
2759,2024-03-03 08:40:00,3.0
2760,2024-03-03 08:45:00,9.0
2761,2024-03-03 08:50:00,3.0
2762,2024-03-03 08:55:00,10.0
2763,2024-03-03 09:00:00,3.0
2764,2024-03-03 09:05:00,2.0
2765,2024-03-03 09:10:00,8.0
2766,2024-03-03 09:15:00,6.0
2767,2024-03-03 09:20:00,15.0
2768,2024-03-03 09:50:00,9.0
2769,2024-03-03 09:55:00,6.0
2770,2024-03-03 10:00:00,15.0
2771,2024-03-03 10:05:00,9.0
2772,2024-03-03 10:10:00,11.0
2773,2024-03-03 10:15:00,10.0
2774,2024-03-03 10:20:00,12.0
2775,2024-03-03 10:25:00,6.0
2776,2024-03-03 10:30:00,2.0
2777,2024-03-03 10:45:00,1.0
2778,2024-03-03 12:30:00,3.0
2779,2024-03-03 12:35:00,14.0
2780,2024-03-03 12:40:00,14.0
2781,2024-03-03 12:45:00,8.0
2782,2024-03-03 12:50:00,7.0
2783,2024-03-03 12:55:00,11.0
2784,2024-03-03 13:00:00,8.0
2785,2024-03-03 13:05:00,7.0
2786,2024-03-03 13:10:00,6.0
2787,2024-03-03 13:15:00,10.0
2788,2024-03-03 13:20:00,6.0
2789,2024-03-03 13:25:00,25.0
2790,2024-03-03 13:30:00,10.0
2791,2024-03-03 13:35:00,19.0
2792,2024-03-03 13:40:00,18.0
2793,2024-03-03 13:45:00,17.0
2794,2024-03-03 13:50:00,17.0
2795,2024-03-03 13:55:00,13.0
2796,2024-03-03 14:00:00,10.0
2797,2024-03-03 14:05:00,16.0
2798,2024-03-03 14:10:00,14.0
2799,2024-03-03 14:15:00,14.0
2800,2024-03-03 14:20:00,11.0
2801,2024-03-03 14:25:00,13.0
2802,2024-03-03 14:30:00,2.0
2803,2024-03-03 14:35:00,5.0
2804,2024-03-03 17:00:00,7.0
2805,2024-03-03 17:05:00,12.0
2806,2024-03-03 17:10:00,12.0
2807,2024-03-03 17:15:00,6.0
2808,2024-03-03 17:20:00,13.0
2809,2024-03-03 17:25:00,9.0
2810,2024-03-03 17:30:00,11.0
2811,2024-03-03 17:35:00,10.0
2812,2024-03-03 17:40:00,14.0
2813,2024-03-03 17:45:00,4.0
2814,2024-03-03 17:50:00,8.0
2815,2024-03-03 17:55:00,3.0
2816,2024-03-03 20:00:00,7.0
2817,2024-03-03 20:05:00,12.0
2818,2024-03-03 20:35:00,9.0
2819,2024-03-03 20:40:00,8.0
2820,2024-03-03 20:45:00,1.0
2821,2024-03-03 20:50:00,11.0
2822,2024-03-03 21:30:00,2.0
2823,2024-03-03 21:35:00,1.0
2824,2024-03-04 08:00:00,2.0
2825,2024-03-04 08:10:00,13.0
2826,2024-03-04 08:15:00,12.0
2827,2024-03-04 08:20:00,11.0
2828,2024-03-04 08:25:00,7.0
2829,2024-03-04 08:30:00,6.0
2830,2024-03-04 08:35:00,2.0
2831,2024-03-04 08:40:00,4.0
2832,2024-03-04 08:45:00,4.0
2833,2024-03-04 08:50:00,4.0
2834,2024-03-04 08:55:00,5.0
2835,2024-03-04 09:00:00,3.0
2836,2024-03-04 09:05:00,11.0
2837,2024-03-04 09:10:00,16.0
2838,2024-03-04 09:15:00,16.0
2839,2024-03-04 09:20:00,11.0
2840,2024-03-04 09:25:00,9.0
2841,2024-03-04 09:30:00,11.0
2842,2024-03-04 09:35:00,15.0
2843,2024-03-04 09:40:00,7.0
2844,2024-03-04 09:45:00,11.0
2845,2024-03-04 09:50:00,9.0
2846,2024-03-04 09:55:00,7.0
2847,2024-03-04 10:00:00,8.0
2848,2024-03-04 10:05:00,8.0
2849,2024-03-04 10:10:00,9.0
2850,2024-03-04 10:15:00,1.0
2851,2024-03-04 12:25:00,1.0
2852,2024-03-04 12:30:00,24.0
2853,2024-03-04 12:35:00,17.0
2854,2024-03-04 12:40:00,18.0
2855,2024-03-04 12:45:00,22.0
2856,2024-03-04 12:50:00,11.0
2857,2024-03-04 12:55:00,13.0
2858,2024-03-04 13:00:00,14.0
2859,2024-03-04 13:05:00,12.0
2860,2024-03-04 13:10:00,16.0
2861,2024-03-04 13:15:00,9.0
2862,2024-03-04 13:20:00,15.0
2863,2024-03-04 13:25:00,8.0
2864,2024-03-04 13:30:00,22.0
2865,2024-03-04 13:35:00,16.0
2866,2024-03-04 17:00:00,3.0
2867,2024-03-04 17:05:00,6.0
2868,2024-03-04 17:10:00,9.0
2869,2024-03-04 17:15:00,5.0
2870,2024-03-04 17:20:00,12.0
2871,2024-03-04 17:25:00,7.0
2872,2024-03-04 17:30:00,6.0
2873,2024-03-04 17:35:00,20.0
2874,2024-03-04 17:40:00,14.0
2875,2024-03-04 17:45:00,3.0
2876,2024-03-04 17:50:00,6.0
2877,2024-03-04 17:55:00,4.0
2878,2024-03-04 18:05:00,1.0
2879,2024-03-04 19:55:00,1.0
2880,2024-03-04 20:00:00,12.0
2881,2024-03-04 20:05:00,13.0
2882,2024-03-04 20:10:00,6.0
2883,2024-03-04 20:15:00,14.0
2884,2024-03-04 20:20:00,24.0
2885,2024-03-04 20:25:00,20.0
2886,2024-03-04 20:30:00,16.0
2887,2024-03-04 20:35:00,11.0
2888,2024-03-04 20:40:00,17.0
2889,2024-03-04 20:45:00,18.0
2890,2024-03-04 20:50:00,13.0
2891,2024-03-04 20:55:00,11.0
2892,2024-03-04 21:00:00,11.0
2893,2024-03-04 21:05:00,13.0
2894,2024-03-04 21:10:00,18.0
2895,2024-03-04 21:15:00,15.0
2896,2024-03-04 21:20:00,10.0
2897,2024-03-04 21:25:00,6.0
2898,2024-03-04 21:30:00,11.0
2899,2024-03-04 21:35:00,12.0
2900,2024-03-04 21:40:00,4.0
2901,2024-03-04 21:45:00,11.0
2902,2024-03-04 21:50:00,7.0
2903,2024-03-04 21:55:00,2.0
2904,2024-03-04 22:05:00,1.0
2905,2024-03-05 08:05:00,14.0
2906,2024-03-05 08:10:00,3.0
2907,2024-03-05 08:15:00,9.0
2908,2024-03-05 08:20:00,6.0
2909,2024-03-05 08:25:00,3.0
2910,2024-03-05 08:30:00,3.0
2911,2024-03-05 08:35:00,1.0
2912,2024-03-05 08:40:00,2.0
2913,2024-03-05 08:45:00,4.0
2914,2024-03-05 08:50:00,7.0
2915,2024-03-05 08:55:00,4.0
2916,2024-03-05 09:00:00,5.0
2917,2024-03-05 09:05:00,16.0
2918,2024-03-05 09:10:00,17.0
2919,2024-03-05 09:15:00,18.0
2920,2024-03-05 09:20:00,17.0
2921,2024-03-05 09:25:00,11.0
2922,2024-03-05 09:30:00,16.0
2923,2024-03-05 09:35:00,13.0
2924,2024-03-05 09:40:00,5.0
2925,2024-03-05 09:45:00,6.0
2926,2024-03-05 09:50:00,12.0
2927,2024-03-05 09:55:00,6.0
2928,2024-03-05 10:00:00,6.0
2929,2024-03-05 10:05:00,4.0
2930,2024-03-05 10:10:00,1.0
2931,2024-03-05 10:20:00,2.0
2932,2024-03-05 12:25:00,1.0
2933,2024-03-05 12:30:00,6.0
2934,2024-03-05 12:35:00,6.0
2935,2024-03-05 12:40:00,13.0
2936,2024-03-05 12:45:00,18.0
2937,2024-03-05 12:50:00,17.0
2938,2024-03-05 12:55:00,6.0
2939,2024-03-05 13:00:00,11.0
2940,2024-03-05 13:05:00,7.0
2941,2024-03-05 13:10:00,14.0
2942,2024-03-05 13:15:00,20.0
2943,2024-03-05 13:20:00,18.0
2944,2024-03-05 13:25:00,9.0
2945,2024-03-05 13:30:00,16.0
2946,2024-03-05 13:35:00,25.0
2947,2024-03-05 13:40:00,17.0
2948,2024-03-05 13:45:00,22.0
2949,2024-03-05 13:50:00,25.0
2950,2024-03-05 13:55:00,26.0
2951,2024-03-05 14:00:00,14.0
2952,2024-03-05 14:05:00,20.0
2953,2024-03-05 14:10:00,12.0
2954,2024-03-05 14:15:00,2.0
2955,2024-03-05 14:20:00,13.0
2956,2024-03-05 14:25:00,4.0
2957,2024-03-05 14:30:00,3.0
